Name,Series,Attachments,Status,URL,Series Number,Created,Field 15,Photo URL
Have Yourself a Merry Little Christmas ,Christmas 2023,2023-12-21 14.31.00.jpg (https://v5.airtableusercontent.com/v3/u/56/56/1786384800000/hVKaLf9D9lM39AgAu8Zz9A/RDkWxspqhs-zEthzPefk-D74Aoln6U0RPhSH32ik2j356Cv3g-XbtuamG3J3EpA6JjXnT2d64gh3YMAniWofNJQPYwezcAtmQ434tHKpGb0ariTXPdkn4plCseLnkDxnW3HMhdTBVg6mjY7BmynAR3GKYDj7Zlsry_QM0lQsHx0/GdAHXEzxsO8iU8d-KGNLa0Ppd7_sMxUagsazEtUG3FM),Found,https://www.youvebeenpucked.com/christmas2023/haveyourselfamerrylittlechristmas?found=HaveYourselfaMerryLittleChristmas,6,12/21/2023 2:30pm,,
Let’s Get Lit,Christmas 2023,2023-12-21 14.30.23.jpg (https://v5.airtableusercontent.com/v3/u/56/56/1786384800000/JZ56l9uJT0KoAsK49tYvOw/_z8Ug3DfkO0ymsPuIGf8cbh6K2ypQZxXV1DWM5Awuxkp8VUTA1ahQVnHBnQDkvCkVA_MS5cCjJdI6fSGxjShThxtWQ1s-n1qgkt4ClztmWIUcpCKpVQsXTc6cwXwOfv-QeircFhX6wCjAHh4y4NNU5ev9tIJkhn5CqPJRyirJqI/mkmqJtHUaVH3TtyMpnfkNq5_QJiZ5Pxw6Ln1uodfPeE),Found,https://www.youvebeenpucked.com/christmas2023/let’sgetlit?found=Let’sGetLit,5,12/21/2023 2:30pm,,
Santa Shaker,Christmas 2023,2023-12-21 14.29.51.jpg (https://v5.airtableusercontent.com/v3/u/56/56/1786384800000/WYeH3751HDJe-3HDTIWraA/VXMGuKa99JhZI8hGVGhqzwQW7ArpPHx-hPo_u4X8Xby1_x-8jC2Uvn1Tn0IafLh5q-Jz0XhMIoySTWjqtEfF8zV07NoMPmlX9wYI9Kq2QhPdjaFR5IyBvJEbP-lP676a2qBeRjs2Zq9HzT9vYwx_fhR6py7WQtEAd3IGp-4eoLw/SYxr-08gl-wTveXfxL4XQM6gAdGJK_EIkYVLclaAUHY),Found,https://www.youvebeenpucked.com/christmas2023/santashaker?found=SantaShaker,4,12/21/2023 2:29pm,,
It’s the Most Wonderful Time of the Year,Christmas 2023,2023-12-21 14.29.19.jpg (https://v5.airtableusercontent.com/v3/u/56/56/1786384800000/hhWEZhLVxsd8BgkL4PzKPQ/UMEqyA5I61F8gSjPdwtaxpd2dBqGB_itRCgtmm-MoT7vRZXCVt27hnvAh75yMA3sxg9_7aH2myGLsXKiDrt3aYl8vaPDC5Xmq7bN-y4som_ifdNDBT1qQxrmBzlux0LeOHbar_6vpxriF7KN1nti-V74SgLX50R-7JTH7R6opJM/L-idZI2YB8OkNzWyJZ2ZPkYMlPRUymgTmN_YGlf074A),Found,https://www.youvebeenpucked.com/christmas2023/it’sthemostwonderfultimeoftheyear?found=It’stheMostWonderfulTimeoftheYear,3,12/21/2023 2:28pm,,
My Favorite Color is Christmas Lights,Christmas 2023,2023-12-21 14.28.43.jpg (https://v5.airtableusercontent.com/v3/u/56/56/1786384800000/-9-DLxU3QKD5QJuUZTA1cQ/HzPBfOruDr2RidyQtG2H2I3pdQcsfH7t3qIYDg-muv4k8Y-kA_92d8ZsYo-IUKItT3GwET2sdVNwDA1qOO_6Me2eQTIvblSa-QYVgEL-_yBh00lEqnWDpLc3pAV0Pz8A41INQptcrQua-jbfhNIkcq6XGwdoWZ4i25FyMxyakSk/wjOqMlcz6vWTWYEmxvEov3TGZcQ9Nk7UKeli6tBjtF0),Found,https://www.youvebeenpucked.com/christmas2023/myfavoritecolorischristmaslights?found=MyFavoriteColorisChristmasLights,2,12/21/2023 2:28pm,,
Merry Christmas Shaker,Christmas 2023,2023-12-21 14.27.35.jpg (https://v5.airtableusercontent.com/v3/u/56/56/1786384800000/wPTjSaI3mEavgcqZEOxjaA/twmyUKMzYGWXvzxACg9ytWI_HWVMO0t8iqXxpz9VDE_wRXkjEwVE_aryVTFdOZ0b7bx2xSSYpDQwhgQNd2zr1GVxJa9SmVhuVJT3FCMVsc3KuYV2KoOa80LxeBzFLbcSNhbjuKOALsWs-wVmJ6clj0EAb3ocBmhWHeoFMwG9PJ0/G0nfV6FA1XF-q0ZrNcw67bv_hbcaR-S3_1HrDQ1Yq00),Found,https://www.youvebeenpucked.com/christmas2023/merrychristmasshaker?found=MerryChristmasShaker,1,12/21/2023 2:25pm,,
Zombieland ,Halloween 2023,2023-10-16 17.28.28.jpg (https://v5.airtableusercontent.com/v3/u/56/56/1786384800000/w6odobTDmowF0o4tWPP1uw/Z5qYZ2BQFbnd8ataTOLTZzF7B0KP8K-f_Y0PER2lO5fQ0Vs8KX7M74XOG7J9tj6DEfjM4SldKi-wf7vrSqsH0QR7hhE3rEh9xIl4VP5CWdKKf4nlVg64DQwzPPZhVWCWEg54n7ZhKtWN7-FBjwJFrqbpQ8ODodUgYVWSJqOY1zk/zfxlhR1s8dxLemlxA77OTe4dk3rC9GFKQ7vwFwLay_o),Found,https://www.youvebeenpucked.com/halloween2023/zombieland?found=Zombieland,1,10/16/2023 5:27pm,,https://raw.githubusercontent.com/mkvug/YBP-Images/main/2023-10-16%2017.28.28.jpg
My other car is a Broom,Halloween 2023,2023-10-16 17.27.40.jpg (https://v5.airtableusercontent.com/v3/u/56/56/1786384800000/XjM80ua97TZ5XJwOmytjpA/MOmEc2VSHinJLotPEJiJIdWim0XhEolMP4ziZcPoXiMOyU_-JXsB11LgPqrZ9_rWP7vp_or348EKLzrYrrHytGenMA6EasBKgCHhMAQIW8N-mg0ytVJZi4osPdef9J98MG6zbilZWvnTKkyanOQAoHzs0K7L7E2bIS23OLL2xYU/eOrsjN5zT5dRBEjq2YxuwrYEAv0OyVr3U3w_CK4wexU),Found,https://www.youvebeenpucked.com/halloween2023/myothercarisabroom?found=MyothercarisaBroom,2,10/16/2023 5:27pm,,https://raw.githubusercontent.com/mkvug/YBP-Images/main/2023-10-16%2017.27.40.jpg
Do you need a Hand,Halloween 2023,2023-10-16 17.26.52.jpg (https://v5.airtableusercontent.com/v3/u/56/56/1786384800000/8eF94YREIPHTsn2jaQRXXg/iw__2vMytztBtA43t5fnpxsdAhF3F4p2iActOq7jv7MSe2OyxZsD5ox3rlnybtPlb1qCZ1IGnhjFc1Bj61DD0vB9JRzoc564-H4UGN6AVhBbd9NvRVGSKJ82d2kHDSuxjOSNnoLmAMK5kXpybPGgAOr1EhHWSgArdolrQUj0sV0/3Wibj2QWT8kCr7VoWBGzN9T4d_zDVzfZ8mpidmDCadI),Found,https://www.youvebeenpucked.com/halloween2023/doyouneedahand?found=DoyouneedaHand,3,10/16/2023 5:26pm,,https://raw.githubusercontent.com/mkvug/YBP-Images/main/2023-10-16%2017.26.52.jpg
Happy Haunting,Halloween 2023,2023-10-16 17.26.11.jpg (https://v5.airtableusercontent.com/v3/u/56/56/1786384800000/iHCOGljnrkewgqokBhTRhw/hDC2HB6SqNDTSwa8Ts3qFm56gSMp26K2D0K6rl3wrdOuWGBA7YQ8COokf1NkcP_YjDQ2oatBFHH74RNJRw6L8OfWYInfQ7sLT6D2fZVZneboPvTX3zEceAV633cH0G-SGPibVOYeM7it7OQjo3dRCFKBWvNLH3t68b8eWxrkYlQ/y8osljyDgrklWYTiRNOefFxCGQtOypzcthiEyAeU_8M),Found,https://www.youvebeenpucked.com/halloween2023/happyhaunting?found=HappyHaunting,4,10/16/2023 5:25pm,,https://raw.githubusercontent.com/mkvug/YBP-Images/main/2023-10-16%2017.26.11.jpg
Creature of the Night,Halloween 2023,2023-10-16 17.25.18.jpg (https://v5.airtableusercontent.com/v3/u/56/56/1786384800000/QdDylNNN1Q2kH88zTnlo3g/bp5Jcnkxxi25rK_BijHrQe7FLTXeq4RIoWdygQCYzc9kY0ISDtQxQx8p-jY5DHgoX1447XgnhpNRYA0pC3HQlG2YVxE6u2Nbwko_lmBv2cuc13-0qWTAiO4sZhKLL6TBiwEBbGVHSfsCK7SBjCwEcp37lDPYYlY6KWWoHpyxHsQ/SQXkrIUaGbD_YWCt1C45vyM-kVCFrPFFW6Ly9YthoKo),Found,https://www.youvebeenpucked.com/halloween2023/creatureofthenight?found=CreatureoftheNight,5,10/16/2023 5:24pm,,https://raw.githubusercontent.com/mkvug/YBP-Images/main/2023-10-16%2017.25.18.jpg
Caught in a Web,Halloween 2023,2023-10-16 17.23.36.jpg (https://v5.airtableusercontent.com/v3/u/56/56/1786384800000/HLttngi3WUomSycq_EqokQ/hFSAEabEuIiuYtudc_jWHhvDuzKZGmEl6eozf772N1FKS-h2hgdc6zcnUWRCbLF4JdaBTpOkYP9g978HwQh1OzdEIfam_D9-CMz5FkFVT6Jg2_KvE8BUSGv4vky6S_e3Ia0ix2qbNjIRt1wXxP4aDBHYYjtcbwUer6zbZ0pjSyw/hGfiHPchxaegMBpnLJ-jLLZXPxS21qCMb9CP9wRB0K8),Found,https://www.youvebeenpucked.com/halloween2023/caughtinaweb?found=CaughtinaWeb,6,10/16/2023 5:22pm,,https://raw.githubusercontent.com/mkvug/YBP-Images/main/2023-10-16%2017.23.36.jpg
Black Lives Matter,Black History Month 2023,2023-02-18 14.32.47.jpg (https://v5.airtableusercontent.com/v3/u/56/56/1786384800000/9unpdEej-TmbZEXFo1zc1A/f_Jk76TQGfdayo5z31HKZqSdwsul14G6WWV9qvCZX2css4ZEi2VS965iadiGIRQxLWco3ikdeb4EeRgHYUOTNdcXGsqikhGBkSnTGAXbHqR2YKoRiXJM-YuHmOuL6KbSZuidINijQbyvTBa8CocvjHVOesRy_ZVhbOeSkf2Ua1c/9U5toKpndCDOi4PIRXU7LsqeBoQNtAbF_W7CgdUM4fY),Hidden,https://www.youvebeenpucked.com/blackhistorymonth2023/blacklivesmatter?found=BlackLivesMatter,6,2/18/2023 2:32pm,,https://raw.githubusercontent.com/mkvug/YBP-Images/main/BLM-2023.jpg
Celebrate Black History 247365,Black History Month 2023,2023-02-18 14.32.14.jpg (https://v5.airtableusercontent.com/v3/u/56/56/1786384800000/JKl5bdmAO2LCuFfduYMpVw/HhojKVJ4GMSyrOEHAIJmlGZvQLqO2pMbhCGKYccV13xDayZPffYBtoEDB1p8KbHLglhkiSL-FmxiDYU3cJfvTXRUHdPvvIIJKGqZxzhKbXhgrRD1ZJdCb3w1nIWqA87D30QQ2lgF0zvn_1cOyz7g5oJ58r3OOSUZeuzAJZU8nS0/Q6sYuRSs-iX-7HCVnojaZMs9LO1EnfhtQvJB0IzZthE),Hidden,https://www.youvebeenpucked.com/blackhistorymonth2023/celebrateblackhistory247365?found=CelebrateBlackHistory247365,5,2/18/2023 2:32pm,,https://raw.githubusercontent.com/mkvug/YBP-Images/main/CelebrateBlackHistory-2023.jpg
I am Black History,Black History Month 2023,2023-02-18 14.31.39.jpg (https://v5.airtableusercontent.com/v3/u/56/56/1786384800000/qrjVXDD2wtV4CvLPm2X-Sg/FE9WMwHpW0DGOj2ODU-y6uA7qMQAGGahcvOXEPk_Ro6JpQylOEdQGXVyKgIDYhhMZRKOhbBantw7TrnsxJvw3vvuqtztl9TXwgAqoEdPAxgOXyh4i4BpJ6UOhJ_U7p7rpb6HN4qoSoZtVVdMYUWcSqALP_lNVDGQQhfNcpg7gQw/N4zIcbWRAg1z6weMl3R61JuAQE1R4WcseS4ga4PRYsQ),Hidden,https://www.youvebeenpucked.com/blackhistorymonth2023/iamblackhistory?found=IamBlackHistory,4,2/18/2023 2:31pm,,https://raw.githubusercontent.com/mkvug/YBP-Images/main/IAmBlackHistory-2023.jpg
Madam CJ Walker Beauty,Black History Month 2023,2023-02-18 14.30.58.jpg (https://v5.airtableusercontent.com/v3/u/56/56/1786384800000/K32sJuVyNnQN2NTQphm9zw/aBtPFhJ4-Ux8cVICpMJ7SNYSUMPABSTaIV-oii3qyN2OHp9KXdsR6ec4zHXR0BY3PFMug5SrQB9Pmfdle3pmdkuY0Y3dhE0dRg-Yh-_9e2OXzDCJepJquScYfuQY_RfXFbQEGAlbNkoyZcJcfERaILkzffrnWZpzf7WI69U1iY0/-nI9_sv5bSAnKYcFnTPeWEgntbrZoAGu8dU1vbAqCHM),Found,https://www.youvebeenpucked.com/blackhistorymonth2023/madamcjwalkerbeauty?found=MadamCJWalkerBeauty,3,2/18/2023 2:30pm,,https://raw.githubusercontent.com/mkvug/YBP-Images/main/CJWalker-2023.jpg
HBCU Educated,Black History Month 2023,2023-02-18 14.30.20.jpg (https://v5.airtableusercontent.com/v3/u/56/56/1786384800000/HgvJRR9wAjkQ-0Wbk2LgDA/smcPyDp_yqiU0Z8T-Pjc72D67FcV0UpGgULdEUB2kVDo4Lxol7ZKkjLZAPXgoRmCNybxW7J0nKHlcMkiay0u3zs8eA9Egjf_POka3CnJ1VGFQcVVVyUdcyyowZTY4VZK9G3S06PgKmRBuBsojMk4_T1gqRy33cnPASXcZwN_Fwc/GUvD6COmfmHKh8-Icl1ScTuPi14iHR4HUH_hRNImAU0),Found,https://www.youvebeenpucked.com/blackhistorymonth2023/hbcueducated?found=HBCUEducated,2,2/18/2023 2:30pm,,https://raw.githubusercontent.com/mkvug/YBP-Images/main/HBCU-2023.jpg
Black History Month,Black History Month 2023,2023-02-18 14.28.57.jpg (https://v5.airtableusercontent.com/v3/u/56/56/1786384800000/ps0uyzFEXOEFZmlg41OVMw/dto1ZyVScBves6IV3m-z5gWWIpfJI3EFoSw-EE0aMIHx4C87Jcz7KHPEP4f6-VHB7_4V7zIzLidaQolDuQTP7rPOP6IyYPvXm2kksajztfXIfYYvPH7f4iG15fMkdhgJNU1kLbOF2Cn1J6EeCtBo3COkDmOpDEz9Vc4Ftju8uC4/eVSPEWrngvFvBXHro7u6IwK8RRBPxl6jDTsgjkuZTRg),Hidden,https://www.youvebeenpucked.com/blackhistorymonth2023/blackhistorymonth?found=BlackHistoryMonth,1,2/18/2023 2:28pm,,https://raw.githubusercontent.com/mkvug/YBP-Images/main/BlackHistoryMonth-2023.jpg
Pizza is Eternal ,Valentine’s Day 2023,2023-02-10 11.35.49.jpg (https://v5.airtableusercontent.com/v3/u/56/56/1786384800000/DHdBmRvDwz2qhQC4rWEfTA/MRQFb-5Oos3S3Nxy6nOs8GeVjW5bNcIKRDrThM2UrJMG3tIsRPBc0V8kuw52S6rSFzkSz7Yg_WaTvnFVlTnVd75SzKnau0p_21krwmuqjk-P-CwvMChdnm2GtzU3NNyky2ZPYHmhY62eJ8kk2cHEurI7QAdctJr--J2csKV-75Q/-cjMJGKBwH8UA1VmNEHMQo7PIooeuv976r7gNf3j4ZM),Found,https://www.youvebeenpucked.com/valentine’sday2023/pizzaiseternal?found=PizzaisEternal,6,2/10/2023 11:35am,,https://raw.githubusercontent.com/mkvug/YBP-Images/main/pizzaiseternal.jpg
Love Bites,Valentine’s Day 2023,2023-02-10 11.35.23.jpg (https://v5.airtableusercontent.com/v3/u/56/56/1786384800000/hYzKEw3AY2k6ZgmJiAyEvw/mtsF42UKzPfpBE1wQ-SSlUy8Do_7kqTWdd2Dqdm79ObSpVSiUTqehV1GbWt00EJw6V_ZzGXEyfICHqSDGEBmRhZ5LEpOyCYgdYMvBRH4Pm9ISkweOhxLB6wuR5vWR96dbdWZ6lyknndzz8jLtJ8G0CNcVQuyxWTUIysDgagvF9M/GCuPfVfk6DvfOiIlaRqLZ18gJFTjZQHkBqL7yEd7Gac),Found,https://www.youvebeenpucked.com/valentine’sday2023/lovebites?found=LoveBites,5,2/10/2023 11:35am,,https://raw.githubusercontent.com/mkvug/YBP-Images/main/lovebites.jpg
I Heart U,Valentine’s Day 2023,2023-02-10 11.34.54.jpg (https://v5.airtableusercontent.com/v3/u/56/56/1786384800000/4Zt_njXManpr0pfBVk0Zlw/DyLWEBbWz6SClYY3HUQLPvUYQyMd1O6t6VnNOSY2tRsv1OUAm2DLN24O1PR39gvh9QzLPQzj9zExLiyrRtDM-Y6Y4kIKG7rhJAXzwxYYv_QiLCYl7BR7kigY1md4jFu06mpiKXJEoHz-6vX2utIBUTzmPYKlg72vmgjXj_7ERPE/1LFWRbDoamRX_4kyPPxw71M3D_qphbGswUSVgXEqR8w),Found,https://www.youvebeenpucked.com/valentine’sday2023/iheartu?found=IHeartU,4,2/10/2023 11:34am,,https://raw.githubusercontent.com/mkvug/YBP-Images/main/iheartyou.jpg
Bee Mine,Valentine’s Day 2023,2023-02-10 11.34.36.jpg (https://v5.airtableusercontent.com/v3/u/56/56/1786384800000/SaeMS3nbCElN-nqNnNHJBw/lSmDGa6ZrLX0x2VPcfzAm1HeMjDti7FmswA0-HeiY7CGLmW7KfGH0WWhlTuJiMAqxAMp3G4Od9Il-HwQd6Jx3R5vvsA9QfA0HippeXcXxRiuIa-zrophcHorFSegV5lk_lsfSwIQ-ur61abgYp5ZzDp60trrRDvd0JivTdTCk6E/9jFqvlcuiDlVVx8zH_409Uh4CDb7W3xfbN9GcK04_eo),Found,https://www.youvebeenpucked.com/valentine’sday2023/beemine?found=BeeMine,3,2/10/2023 11:34am,,https://raw.githubusercontent.com/mkvug/YBP-Images/main/beemine.jpg
Virginia is for Lovers,Valentine’s Day 2023,2023-02-10 11.34.07.jpg (https://v5.airtableusercontent.com/v3/u/56/56/1786384800000/qeth7uG5KG8u9h9M8egAow/LUDhZ6QcSfOSGH5Rqnfa6IOFDMOLK5fH1WfVtgmnUhVvjJRIG8pJk252hlfBxcjSJcfBzbMSlNUn12zTkMbFFkQSCAEM6rJM174vQrmd9HQVfS71PpikeYtdbj0e_W5dVb0dTkfjZxakuZDDYxaIBzAOmLC5QC0MZGDqwjWSGWM/iU91TEm2fxbThL1skTWEI_Z2x2ga8Z_QgkX-QWH-Wpc),Found,https://www.youvebeenpucked.com/valentine’sday2023/virginiaisforlovers?found=VirginiaisforLovers,2,2/10/2023 11:33am,,https://raw.githubusercontent.com/mkvug/YBP-Images/main/vaisforlovers.jpg
All You Need Is Love,Valentine’s Day 2023,2023-02-10 11.33.25.jpg (https://v5.airtableusercontent.com/v3/u/56/56/1786384800000/PKgEsFq9LYXHwEXYmWnQbw/XgyI7P144eRfI0IMvia72J4zGg47xyg_Ykb-4jzxcdWcScTZRxUZo12-TumZsZFCT-pyTJfBp_KnlfQ51oxP_wgmhde8kqEuMvGdE2o2XRaiZzIu8bb1c6yHT-fcJdtcDBnw8NDEeTer9Wac4UX1j4V2HePRJR-xsnbUnlo7x5I/LhTHeAt1jYLhNM8fhqOPlvsT_nyYeUw7CegMa7SW1ck),Found,https://www.youvebeenpucked.com/valentine’sday2023/allyouneedislove?found=AllYouNeedIsLove,1,2/10/2023 11:32am,,https://raw.githubusercontent.com/mkvug/YBP-Images/main/allyouneedislove.jpg
Let it Snow,Winter 2022,2022-12-17 00.13.18.jpg (https://v5.airtableusercontent.com/v3/u/56/56/1786384800000/O0ceIcnHkh2AyM4bkVV6Zw/eQqgtOooppGBnd5-Hj8NVa2WcejPdWRhl6HCrGHCttSN35Qwco-COxZoHR-Gz3yPCzkSqJ5qx70iOw-YSvEWCfSYvQZGyRxTb3CVaRhX9T7NmbccACo7lCOU9-Mz5KZfQliIn3QVbaqjqx86StIRuvP4aWTOfOgdcAB1kOnYvZc/3b-yUQF2Dt09s_oaHt5r3Ey5_33h_6bzas0yLD61pDw),Found,https://www.youvebeenpucked.com/winter2022/letitsnow?found=LetitSnow,6,12/17/2022 12:13am,,https://raw.githubusercontent.com/mkvug/YBP-Images/main/dlell5cd7ycp.jpeg
Chillin with my Snowmies,Winter 2022,2022-12-17 00.12.43.jpg (https://v5.airtableusercontent.com/v3/u/56/56/1786384800000/nax6CCDTRWqYdz7V1aIAlQ/_-YVyYm5oFmlpe0JpURS2NjH0wTV0eLHjNMPCKGjPBwhZQdww_340SE-jpWFN0L_S36FRYU6QEfLMptTeek7-wL4KQdFp6FwldX9xjASewxjl9qP8WTbJ3Fbk8rQD38SlvnWhJTNZ1zeSZacDlC1aCHaIWXDrxtuJKXTI-Ftpzo/0q-rtiJuyxD6Uws69bc2KfA60xNBhFdLQaU4k43yCUg),Found,https://www.youvebeenpucked.com/winter2022/chillinwithmysnowmies?found=ChillinwithmySnowmies,5,12/17/2022 12:12am,,https://raw.githubusercontent.com/mkvug/YBP-Images/main/ffjiqz2u85jz.jpeg
Christmas Lights,Winter 2022,2022-12-17 00.12.18.jpg (https://v5.airtableusercontent.com/v3/u/56/56/1786384800000/hOky7JJRCa7yJSdUPCpw6g/k0rb39wxwMdrslzvnsga9qIteJZ6aynhLAz1MMYXoPEJ7ayTJnwpjqPUJNWuwwe6pMiX6ZY4vZdfQgZrqm0fQJJLi1z0LV4X0mI_JfwN0yKGmdQkPpcLf326Gf9xBzG_o_xS8uWmkpVS_tt-uBLOmNw3oXV_NfkxQUUxu0oMgcQ/JyhuwCOaUX3SwybUxubqHAff7Q0mq5JHBah0lq7a7V0),Found,https://www.youvebeenpucked.com/winter2022/christmaslights?found=ChristmasLights,4,12/17/2022 12:12am,,https://raw.githubusercontent.com/mkvug/YBP-Images/main/id2dyf8ia5ct.jpeg
Hanukkah Love and Light,Winter 2022,2022-12-17 00.10.54.jpg (https://v5.airtableusercontent.com/v3/u/56/56/1786384800000/DcxzaowqwYlWkQa1czA44A/34ocqFn1vMDsl5N4oRRgKyLP30QSF0BVqPrdi3DCkMg6h1SnReMBB7JA5bbNYoMkb55S9TN8BKHdq3HOr1UN8ZeBSiwxFTH2joS2urPXkyptyPIQS-j51-_AgRh43rbNtmQSKOlU55U_LOND3Y0zCMcM3mty11dLzzw5GWlQD-w/beMa-I4YBjFF1b2YuVmxoCX3vI40bLkzH00jRFVxw_4),Found,https://www.youvebeenpucked.com/winter2022/hanukkahloveandlight?found=HanukkahLoveandLight,3,12/17/2022 12:10am,,https://raw.githubusercontent.com/mkvug/YBP-Images/main/j5tzo5mgqhqa.jpeg
Merry Little Christmas,Winter 2022,2022-12-17 00.10.12.jpg (https://v5.airtableusercontent.com/v3/u/56/56/1786384800000/rxRW0Y3xjJLBrw64U5g8Pw/3H6wIL_4_sB5awEE8h9PAhrxfkdejxxBn5zqFLQOYrrpY1D7OMwVhVhkreBe_FhOdpDDItB63ML1I_a-z87nMH6L-ZX2-jtU6AxmSzrXOOguJ88A7gEyDhC-A6U0Opn1aAACc5ZRKXW-VdD1y2Z049yHqYzg692ehhPLD1hwNFI/X5E92W2tCohTbDI-BHwm3XlHO5ax9L-L3U3T9p-1QFY),Found,https://www.youvebeenpucked.com/winter2022/merrylittlechristmas?found=MerryLittleChristmas,2,12/17/2022 12:09am,,https://raw.githubusercontent.com/mkvug/YBP-Images/main/6kwceyhfgd08.jpeg
Let’s Get Lit,Winter 2022,2022-12-17 00.09.14.jpg (https://v5.airtableusercontent.com/v3/u/56/56/1786384800000/-Kbk--HbbOtJf6t0a7ZuwA/pYPF-cWZhKgTEM4UghTKuvjfFF87jaKwZXrErNbCOpO2TORxYE4RlfdcOXolkrXuTPfAKO5G20k4Qj8m_KSVk-KIixF1xX3xio5naXNeLm0RNnLq0Z6izd3tui844ChVxtkEOLce5ktKCVR6vRNJyRqkve8KlwQ3wEqYUJLZEE8/pVj2CG0lkb7Vq7yWsJkgnQNXJbP0w3DsbU6iTfdVvyw),Found,https://www.youvebeenpucked.com/winter2022/let’sgetlit?found=Let’sGetLit,1,12/17/2022 12:08am,,https://raw.githubusercontent.com/mkvug/YBP-Images/main/tk0cgrf3aldc.jpeg
Eat Drink And Be Thankful,Thanksgiving 2022,2022-11-20 17.36.46.jpg (https://v5.airtableusercontent.com/v3/u/56/56/1786384800000/okdfWBjtmcvykjyBH2gZWQ/3qxWQcWpqK_A2BhjDIdapEXfcQ6XUZH7ybqms9LynlGYMmOjF3pixy5erHRAsthgD4n_8ybrspz20ZbNS5h5v_v7i8o6S3bGqDPdoJdXVZYr5qBL2DErUlbZffH_-PNuQPovB0BfqPFaWhtlIIR9YfvCg81UQYX_0-87UBdWhc0/pxTQyzDEUQ6SsXLDI-YtUr7fkzXsxcfH4-uDZxwgCGQ),Found,https://www.youvebeenpucked.com/thanksgiving2022/eatdrinkandbethankful?found=EatDrinkAndBeThankful,6,11/20/2022 5:36pm,,https://raw.githubusercontent.com/mkvug/YBP-Images/main/nzj8b65b4v05.jpg
Oh My Gourd Becky,Thanksgiving 2022,2022-11-20 17.36.06.jpg (https://v5.airtableusercontent.com/v3/u/56/56/1786384800000/OuytIRH5qmPyWefZP8jqIA/NEh6GLJYI_wPwTwXK3aBdhaGsEvgsYy-W6Mk96PZtfvpbR2jF2T1GvK6MieRr9lgBgWfUl_4VwNPLUmuvaDaqHp36HP27_5409CIpYD9njSGNlykKrMfSt55clFENLl3WQrXEaIKT2dZ_xqXoBvpJpb-tdsF9_hdURxQqbeW3D4/c6hOcHWKvErjaZfaiUKPzV-zzqvwiUUtY-UNFyfOuRU),Found,https://www.youvebeenpucked.com/thanksgiving2022/ohmygourdbecky?found=OhMyGourdBecky,5,11/20/2022 5:35pm,,https://raw.githubusercontent.com/mkvug/YBP-Images/main/a8k8b8phu9v6.jpg
Let’s Get Basted,Thanksgiving 2022,2022-11-20 17.35.32.jpg (https://v5.airtableusercontent.com/v3/u/56/56/1786384800000/mQCCnFh9obUpa--vjulbgw/rXNpXIakAFzCBA1O_jnOBn3xPNi53AW0WTeJVnMpzLwliPr_75A9Ha9R4_SEKxoKHM3XUos02Jzng-btOe_-3RpmogrQYWpD7dikowctQeFrGcZbWyylqHbqeaUp1uJDGA9FkqEdRuKXn-jNst9NnhWBA94jRLO87bIY7brlRLk/EAQUlUhVpgPgYGnGE_3B49gRaBqm8EuIOKY0zN1USRI),Found,https://www.youvebeenpucked.com/thanksgiving2022/let’sgetbasted?found=Let’sGetBasted,4,11/20/2022 5:35pm,,https://raw.githubusercontent.com/mkvug/YBP-Images/main/g85t74fa2p47.jpg
I’m Just Here For The Pie,Thanksgiving 2022,2022-11-20 17.35.00.jpg (https://v5.airtableusercontent.com/v3/u/56/56/1786384800000/gps954VO0psD1m2uuSvNgA/C2HkkpjeeJPHUdc1iKP6Kn80_splY6rNsknYmQmz66N4ROy5V4sZoG6MpB79LbqKQQVqhUGOTE3gBHlgvTOX2exhXJp2ahtnfwY7v7ZJjXyug7ZsrRir0vgV2JheRNHdP7XzQE3ZkoJ0Ct_UXLTNK6jGucKY9k63ChO9-FLsUps/RMUckMCU7w7916TrWTEo9xfGTGztYxQvam8qTmOFb9I),Assumed Found,https://www.youvebeenpucked.com/thanksgiving2022/i’mjusthereforthepie?found=I’mJustHereForThePie,3,11/20/2022 5:34pm,,https://raw.githubusercontent.com/mkvug/YBP-Images/main/yb2a7b0mfyko.jpg
Cranberries,Thanksgiving 2022,2022-11-20 17.34.18.jpg (https://v5.airtableusercontent.com/v3/u/56/56/1786384800000/9lVxwr-J6kf482W_4ez4Og/1WnI9tHs4nW_k4pR0bpy_KlOJ20W5kjl0ooj64Im9eJfa5yx9wKUjHZwqmiqTJkDJrKuKisdGn1jZE9TkmNBDyhXPu9LQvGlV8otQE7V7amJnQhU2Z1TT9fIklokP9I5GK75XiTEZi_rUvfY7TsxxeHIwvPGaMlVoEDt2wJyNZM/JQmQE5HeQe1WUkQikIO3h7PE73cQIrjs-PDflyhe8xQ),Found,https://www.youvebeenpucked.com/thanksgiving2022/cranberries?found=Cranberries,2,11/20/2022 5:33pm,,https://raw.githubusercontent.com/mkvug/YBP-Images/main/0f2njx8oe2cp.jpg
Gobble Till You Wobble,Thanksgiving 2022,"2022-11-20 17.33.04.jpg (https://v5.airtableusercontent.com/v3/u/56/56/1786384800000/RnJ-F53PJWE2kOcRqhKDNQ/JVvi8sh2Vfx0xmTKYcEQ_sOwqh0EdJh21HUSQiLavpChr0Cz0G11-n5IxVMPnU5mSu3SDs9nVwSBEKCp8WDf6gILcYhMRhl_j-FqLArMrMmf5rMigpe2bHvyF5N8QSdGzOtNRtRvFKQRl7aXdsVJY1fQSN5ErnMKfWhQlVRx7LU/URROIhL8YNhzZqbK50RpUsgzvNI_A7Mw_NR03iy4Zug),GobbleTilYouWobble.png (https://v5.airtableusercontent.com/v3/u/56/56/1786384800000/wmq5Z3_-HU6oMIGF0jlvQA/TaTmcNC0klne-8Ng3X9VYoBjhuFxvWso7H6aEGtGVWaWmVjeGK2aiWp7AaUsR-z4DRF1qcglxenw8NtDyrhy8IhkYeaiLeVh1QJuzXYozUtEceNLE6aO_LdKfkg0M7ptEIrM5C3FoYn95maZOLSYtJ9QCpwAy73LXOvK0vWvzDo/GWeoo3890VURoiVpBWUCttSq60DCaEY7m9fzF-wijbA)",Found,https://www.youvebeenpucked.com/thanksgiving2022/gobbletillyouwobble?found=GobbleTillYouWobble,1,11/20/2022 5:31pm,,https://raw.githubusercontent.com/mkvug/YBP-Images/main/i6mjabhlc6tg.jpg
Bats,Halloween 2022,"2022-10-24 16.05.48.jpg (https://v5.airtableusercontent.com/v3/u/56/56/1786384800000/qk2NEx3tOxz1Oys3bbxJWA/41vxGsXAAHdhBMi8XFwd6wXhaQHg6Jpod0kr2PNcI0lbOFczLI5Rs-VQeBj0Jc_W4IpGvCeL_sYJtmYAnIWudfc8uKSqIkPPJ4uPuGkbvYluj_7YIQN7t5nZhcKIIA2Gdyp2N6t9pVzXWt82WoBFdn6ETDANSFInAYrsp46imeM/7VU3XTpOJz5dfdi8YgPC2HuBmCq0TF36ImUCfQhVDjk),Bats.png (https://v5.airtableusercontent.com/v3/u/56/56/1786384800000/2g5M1FRohAIUov1dN9KO9Q/yMJqsHCiDUIOteDcfq3uEIeJboVexGNIGUiwm4kdHvEjFRZ4bqdueR4ZpdAPZdgGJsoJ5i9mlnqTCwFqc3EkJRbtw-fGf27SFqbYLS5IWE2bKSDwNklw-590Wcyc3oALGr_LrZLslBXSKRbNGsqfUg/-w_Opc7fAntpC8iveUSDWj-sU5B4whzEao5i-qNugJo)",Assumed Found,https://www.youvebeenpucked.com/halloween2022/bats?found=Bats,6,10/24/2022 4:05pm,,https://raw.githubusercontent.com/mkvug/YBP-Images/main/to8rl2ld0fqs.jpg
Happy Haunting,Halloween 2022,"2022-10-24 16.05.23.jpg (https://v5.airtableusercontent.com/v3/u/56/56/1786384800000/jHjRoPh5ckkjFw1uz7SCDg/7nGfl6tG2P6VBvoQui1rfr24zMCh0YsGbyX-1DVBLDlPjj-zSmnCZefDwJaKpcVA-MTxnUkBm89ekdwJhajmKSmb6SOyqp0f4BbyNDjjMBXd_NY_W_lJC1lL0nWg2Qsv5e1e6WmV1Sk_Vx-zUJV6OyfVL6sl6ABM1fY6TLQhP9c/dFvKp-0HAhK-tdIpAOkGHGa9DW_n7AAFGL_QODlsICE),HappyHaunting.png (https://v5.airtableusercontent.com/v3/u/56/56/1786384800000/PnGhakmViA4Z7PYrozHW_A/rTktj2LSJweR8uBnIIjz4T-MPmTHztkJyfcUnWSybnZ8ZjLeY0gpGFuXU8kho9mVYWuzVETtopV9kopQciqpOk1Pb7Xbt4GTdI-8Lf7YDkiy_S_5agKbFywEdLJ8eOyKV_s2dTPVQkzqwisNPVL-fA/gqGEINHyR0Ci2RQ8zkKiyCKrQHiAkoWNh2UQBeaNpzQ)",Found,https://www.youvebeenpucked.com/halloween2022/happyhaunting?found=HappyHaunting,5,10/24/2022 4:05pm,,https://raw.githubusercontent.com/mkvug/YBP-Images/main/d0ip5350oqp5.jpg
Creature of the Night,Halloween 2022,"2022-10-24 16.04.43.jpg (https://v5.airtableusercontent.com/v3/u/56/56/1786384800000/zl6sS7z0IMk0toqBUtXsig/om18dQsU0jnMaCgo7VCQg_bE8lvLj4TIZs1Axs4kfjWfSquaFhI4BCLxL5kyY67tnCw5P6W03Rg6RMgy19tZNYYUabPTljH74Fr-6skJ1D9_5ZEdBWWOd7OnZbz1j1NOr6732gS65aViqE8HZumLlqHLCyaznBxUripMhT3E2JE/KX9Z0D9FW0ErVh0KMlqYJtSEVDbPo2ouXfjdou7a5YU),CreatureOfTheNight.png (https://v5.airtableusercontent.com/v3/u/56/56/1786384800000/fGyLKejvNiRMm9RhoUkzvQ/I6cg8eb_fD_pmeI2p_SSbDWNE9DqXJoioQ0IRCihWRIM64JeibBSAyC7tf1qBR3OGbVGWBpnVpSMfKeVahszYj8JISxKaIhlmzdz5rNI2cIoyDBsQUwTuxZc_aNhMlcUvr9ekpBEkg6ZINIRQG3bM4sClbMzd08frxH3ge0Bo9o/0ngpp_goF8HpysJ1No_gD1IeVl1K2quA3eL9chqjrUU)",Found,https://www.youvebeenpucked.com/halloween2022/creatureofthenight?found=CreatureoftheNight,4,10/24/2022 4:04pm,,https://raw.githubusercontent.com/mkvug/YBP-Images/main/5dcx60r9qs94.jpg
Zombie,Halloween 2022,"2022-10-24 16.04.14.jpg (https://v5.airtableusercontent.com/v3/u/56/56/1786384800000/mR8DmoFTQwiS07DeJ9NicA/InQWBNiSsudrgDFi6DiJj_43wjgTO0uAx3zUnl2ynZQ9j22rSfxdbGx5i3jvFmDlM1VivkHwL8ABHrqIvwzUaCrfx3CVO8bIh58GUxWpjG9DYNbUT2P9XdN4g6T0M4xAqv_3U5LOu-Eorjv-s3RNefUarK-Q1KIwKzE6HNobP0Q/bsiJkpj0ZlRN61dUEazot70JpSpFnCD_8DLP6lDCGXE),Zombie.png (https://v5.airtableusercontent.com/v3/u/56/56/1786384800000/YDetIWhcmDgE-_xdmfWR-w/CrfSl9-3T-OaGjWGAVRyohPIhQYc2YbNXu-uhoNmDOZ-fxdMMtrTWwUJjsTMnVZ1aqnaZbui6QmpAvLwrSeuUMYNQ6XKZ-dIe3P1-YJwLjuRcv4En1rN5hIOBg0oLI98ORGwdNSOPOn3szOTdC_Lkg/BKxTVDSDYA84vlvJwfhrXk6sDkcM-jKnr_sIn-BdVQQ)",Found,https://www.youvebeenpucked.com/halloween2022/zombie?found=Zombie,3,10/24/2022 4:04pm,,https://raw.githubusercontent.com/mkvug/YBP-Images/main/7c2u9aawiuyt.jpg
Skull,Halloween 2022,"2022-10-24 16.03.51.jpg (https://v5.airtableusercontent.com/v3/u/56/56/1786384800000/ToxxhGm0BJCsPN_Ure636Q/p37z80p0wQBjn-dPQXzuxf1SB4naoiDaSVyb5kYPpfdoFQr-AaQsm-KyP3VBHDjEn0XqcEIvQxOc89unsemx_24b5f-FWrGETVnDCF78cCwqrDFRZyuOf91AFhJa73hpCmJbfLRGBzs8ppeqmcZvry6ZiJH3UIaSOVvTHXa7tAg/P0wjvYz2z6ArDnDQVCn4ROe4WFwP06FZrkAiShwUlcw),Skulls.png (https://v5.airtableusercontent.com/v3/u/56/56/1786384800000/efVN7qfyyrZan4VbCDAutQ/XkTc-0U-If3faxvVYNrL3-uFUrw8gAFhshBfeUGrsALDBONdWp1m48iVlbn73J8WnRDkUemMvjQYV6ZFtsCUT37vB3P_PvQ8AfImk6pi1i5jF91zYssxTtm8M_294wFg5qBnh4NjsjKxQzKKaWH8fg/nHkuabYaWuhA0voSSgR2Pw6M2MTAKueO87Q79u1xXWI)",Found,https://www.youvebeenpucked.com/halloween2022/skull?found=Skull,2,10/24/2022 4:03pm,,https://raw.githubusercontent.com/mkvug/YBP-Images/main/q19qjs0k8166.jpg
Eyes,Halloween 2022,"2022-10-24 16.03.03.jpg (https://v5.airtableusercontent.com/v3/u/56/56/1786384800000/yWTYlmSIyF0hRFPLUFblOQ/awGvLt7CoQLJmdIjHmnP-WQmXNsydOjavz8lvK89OeOydlbZxLJsu0m18sfAttqCzgtoiWXsGeAU2Fxb7UM9Hhej10MRRvRzLZTRFaqTdqaJaNAuIaq9uF4KorgKArWAfKIazJ6RP6bVch2uJG9QYmTX1yJDlkexOYMyJZC9SIA/TljAzlMxirzcauqythgPcUklFuNCLX4-R6rEnmxtu9M),Halloween2022.png (https://v5.airtableusercontent.com/v3/u/56/56/1786384800000/OQLsTfR3DlCh4AwbWZ5QpA/t9MZijZfaHxmJwfwfjcVDknx8V-0vGE2dM89UzPAIiNwT2VeAb3-jw1LPIBMbCcWULItyoKmOhVSsWpOZefHlIVVbfPkkvhgWFDt1grYa0KMHejcJwQfZSNC2EDr7sHoH8NCqTCpU61IcL6st07ytw/E_LrwKjNeQyQKkYNRksT4QgxljjakOaUEb43Xk3EQ6U)",Found,https://www.youvebeenpucked.com/halloween2022/eyes?found=Eyes,1,10/24/2022 4:02pm,,https://raw.githubusercontent.com/mkvug/YBP-Images/main/eixt2hplk4sc.jpg
Love Wins,Pride 2022,"2022-06-25 11.59.58.jpg (https://v5.airtableusercontent.com/v3/u/56/56/1786384800000/oCY137gfemlzLWC51kbUtw/YbV9yx7Ndr5mveQ84SqGp9C0xRKQJ7TYENW5O6MF4NY6AsmBC27aUpn5Wm-rLauEzheRbIYBLAMjw38SL7OShVR2S8tFu7sgUjXi9octYf7QbkRqUa9Z0m8E9gFrioelJNrt8QWv_J4UBEwTqdC9gR405q5w_2Oiz0dGGyJCNkM/GxOuuWGbRaVVkG7Z9NuhwcyYUCH0jBuLfWjv00SCDr8),LoveWins.png (https://v5.airtableusercontent.com/v3/u/56/56/1786384800000/xRCkMpVwiKQnjzzhMUJ4aA/hqtFdy0LPi-EBzmAUzsW_spX2gpNt7v5JQN4IX6TKbuC5aIH6VR9LCKwlYLzkTGDiXmkFLPBR8HhEoPkMDC8CyvfDvVLi9NeIEhinDXrp3e5RX4e-D-RogaEfCMfGFLUlL2YJUSXpDR3YF8xb52K1A/evmg2CjhV_IK8QYcjTvmXimxaVPksCAY1zy3_lrawfE)",Found,https://www.youvebeenpucked.com/pride2022/lovewins?found=LoveWins,6,6/25/2022 1:02am,,https://raw.githubusercontent.com/mkvug/YBP-Images/main/n4u0t2omriu3.jpg
Love Who You Are,Pride 2022,"2022-06-25 11.58.42.jpg (https://v5.airtableusercontent.com/v3/u/56/56/1786384800000/7h4U_D2ZI4jhyJE4vYj7Ug/ABTxhLIQv_VQstwVjyM_PUhux3qrKBhpWC_-8xmKaih8hCHwhanjErvwR6O8OoEb7D5MiRWa5NR9hw03_qg__9-_7LScMP8hTnlD8yM6lp3o1qvwnnrje0N8sgW4WEQvYmc122WXKb-6_rPfgn1QuXTmzVim6d2MGT2VnBQHx_8/gskGSUgMAxS0Borz4P2xMtp31toOMGeKyIhcQVd_ukY),LoveWhoYouAre.png (https://v5.airtableusercontent.com/v3/u/56/56/1786384800000/BmucUBAaldM4w07YHpvAxw/PfNdCXhDWVCGg681D7jDfrNLmdP-w5fWTxaWsnXYFHzkfZ_Trju_nScnXn-2XaX2EAE2Y-yuWQQ4m8gxEP2NZWgSaZrJnOhO63Q_X9Ahyk0H1x7w13Lafk6Hua9f78lVkmTGMWTbIQ_BqwhiJv7Pvg/ZMiTUZA0xAiNjx6IjX4ANmV7hZc5E3cKlMUzUFYz1ag)",Found,https://www.youvebeenpucked.com/pride2022/lovewhoyouare?found=LoveWhoYouAre,5,6/25/2022 1:02am,,https://raw.githubusercontent.com/mkvug/YBP-Images/main/h3cxcxyhoym5.jpg
Trans Pride,Pride 2022,"2022-06-25 11.59.08.jpg (https://v5.airtableusercontent.com/v3/u/56/56/1786384800000/GmQHbPuJbWxCiRgELqes9Q/wwa-BFAoVYA04uRDbheeWHnDogGWFGnYwwONxDHyWyBgVSJrtbFw7vCdZ3g5HNCNjVtd-e2tQH1hz2GYWEj_nEH5OQIJHvxjNaXUlqMc2NSQD7bZ6LkNZQ1EFMBz-0w4ykcSeMHxvSY4vnUqirbYp-euz1IHZGQkEIWTQoQbq-0/2M4-advdtH7U0BBAXx4P9CtCGsqnkJ9hm0TkLjEalGc),TransPride.png (https://v5.airtableusercontent.com/v3/u/56/56/1786384800000/MxOTe1aMccl3SNJQg8bJUg/RDZJ1F8Syul8pNoAH7j2LUq5VrA7KJnO2xc3AILLgkhsEevwJ3L9c1TgMFi4eJHaC19ITf_3w_QGz14U119YJenQW3ErDRz6CU3RCJNziKtlJa7czZhaBPpr_S1a-B1zGsJ7JwWJaPsXUoWeqzO7jQ/_qcubLF6dgXvUZdWchqdspHEJeSt6hA_xD_k7BcqDEI)",Assumed Found,https://www.youvebeenpucked.com/pride2022/transpride?found=TransPride,4,6/25/2022 1:01am,,https://raw.githubusercontent.com/mkvug/YBP-Images/main/wlz2xcosym5x.jpg
Love Is Love,Pride 2022,"2022-06-25 11.59.22.jpg (https://v5.airtableusercontent.com/v3/u/56/56/1786384800000/vnrcBQhjdhwFQWSRjyglIw/jB-H-YHj6ErxVfr-TJuyj0pP4q_IimygmYpbGkSu7RagRnfY1NgrwMrFnDPAyW4LZzIRY7IFFH-f_FG9J_z34eF17Vv8v789t71nHiTFVNte0YGJQ4sh1obQtK-HKuu8aTlkiv5x1N60KgiZJeUAmBdg64gktOcAC_7BxP6kLoo/Mt437G3KXHsG-xC8HUq64yAw0_F7lhV6hn19UUPZ3KM),LoveIsLove.png (https://v5.airtableusercontent.com/v3/u/56/56/1786384800000/PKuPx6LlV_w_lTUAOWAbHg/wEE1uWmL7JT51-2AitOd7TBjCeI7vVIPlDUOfhGRDtvXlu9emGGTNhXVIPPhpp5AL54vRXJvRvhJYBUjQreovWaau56bp57xxCRrSHx-ULk8AAFFFW-l_309VahWV6DCqM2YFr4HIvpP5b1NvVTgKg/peKO-J_gm9-6HsIoziJ87UoCJDRo3dmbQSIdqr2KKhY)",Found,https://www.youvebeenpucked.com/pride2022/loveislove?found=LoveIsLove,3,6/25/2022 1:00am,,https://raw.githubusercontent.com/mkvug/YBP-Images/main/4exey2mlnvka.jpg
Pride,Pride 2022,"2022-06-25 11.59.37.jpg (https://v5.airtableusercontent.com/v3/u/56/56/1786384800000/DhpogBSg0fH5nYJVjM8C7w/wW6RV6j0-fkC1M9uR1vyfUUlIuFTvIEwAYC3-kFY-PW6w9dLj5m9dPsxx1JPKS2NPoNIXljLAi_-Jkl-7z7-vgdT3vT9TJG5U5CGUTdGOWZvjcBbQEu9JhupNRBX9IeFpDQFgwh3dhbF--U83oYzfIMikx6NWseT8amiL-2k_eY/od4xZls00n7p-U-SEpreeT7OqpJiW46V3mthc34LiA4),Pride.png (https://v5.airtableusercontent.com/v3/u/56/56/1786384800000/NdasV0Nx8GQFV-CQURCoVw/sxYPGbxws-eWCKrVv_25HXj1IR1tETKC_Lz6hwE4NhloMmXr4VC4tb-llphyG8bZCh2_xMmdWQhSdVaoIQjdyWzQ0ynx2sF8G0e3n-tqixN9eHBX0tApjvZcjJmRV77kdRU4uGi6mS9FkqhMoRZ8ZQ/Aeasld5Qq2pUArT-sXcXy9p8X39WoXRmLeYqkE9tHnU)",Found,https://www.youvebeenpucked.com/pride2022/pride?found=Pride,2,6/25/2022 1:00am,,https://raw.githubusercontent.com/mkvug/YBP-Images/main/qf6jkkau1bhd.jpg
Ally,Pride 2022,"2022-06-25 12.00.11.jpg (https://v5.airtableusercontent.com/v3/u/56/56/1786384800000/umVB5gnc47-XTfUqkK02vQ/oXT8XtwVEh4iSFjQBvwz8U3Bnt9Aa55ojsT0zuNAVuvXwM4Pb_0QLyl_COPpX8lsKChlNYJXbk9oszDeg_IbepAmsJhh7qO7ruur73Wr1uathnhHT8xQCyPzp7B3H-dakDkuYwccD5JsOZtxbU7BTh9-vQHPURXpgb7pn5z8Azs/-Yk9S0cSXkCB1z4n_LIpHCy6-w6h7IbaOYXGEIXCgqs),Ally.png (https://v5.airtableusercontent.com/v3/u/56/56/1786384800000/FIykkfxRMh9N-yKvA1cMEA/aKJSnemYbeBqfCSB9jVLoeXNZW1K16ypOFfCtp9f_UpSG0eUMlARzEojVP-qF_Cc-ZvU7H6JlkWbZV1z1KlR_nUQwF5RyucYird2oj8sJnocL5P3JrnQvB-8ZZX1eH4Wt3-YAwbTOsgvkzCfhUazaA/4hHD73Xw6835UarBwaizz5uxgEVxGyo_foxyJeK_u40)",Found,https://www.youvebeenpucked.com/pride2022/ally?found=Ally,1,6/25/2022 12:58am,,https://raw.githubusercontent.com/mkvug/YBP-Images/main/ta8ge0ss2bwu.jpg
Chillin With My Peeps,Easter 2022,"2022-04-06 09.01.46.jpg (https://v5.airtableusercontent.com/v3/u/56/56/1786384800000/FKS4KvHL344GWGdJ1Mvj5g/gRbOP9CoQ15RI9oySuAL3uJYVMV_VQ98QU61j3d5YODtCqoAFUXJW2TWWG8ZHY0edSjPjt0LbwHMMT0FZVHFS38sSpL_QVxMizawo4-GPOSn8IvVhuhARwaOmIckCuNRn2WZHmXJDPU2Qt-uMg-4VMcqyDhHtDhr1WW-IVqy4qk/TdDdOQmPMAcvAM6lSnN_1KVHu6b4qXE7dq9BTbajff0),ChillinWithMyPeeps.png (https://v5.airtableusercontent.com/v3/u/56/56/1786384800000/OFzNBoIEx9-vJqj5CMOgFQ/eckWdl5hhUjnuQo1SADs2KyiQi46VwH7qDmI9paP_ej6mJAv43_6blNqZmiJkypPm9MUeOybhTcO48U8rj1_uttrryiaEWUyVdku3Rc7qDkPR4VvOL-0SelvdoKfKA_rs_Q_4pxPto1wLNwv5Z3CrTqmVIuWbv8EiCjVwDtkVcA/ejvgldA7No9LSSapr4XQQQ7Zs3CHY3dLLcEWz-2yXzg)",Found,https://www.youvebeenpucked.com/easter2022/chillinwithmypeeps?found=ChillinWithMyPeeps,6,4/6/2022 9:01am,,https://raw.githubusercontent.com/mkvug/YBP-Images/main/bldol2z6zl4f.jpg
Pink Bunny,Easter 2022,"2022-04-06 09.01.17.jpg (https://v5.airtableusercontent.com/v3/u/56/56/1786384800000/c3VTDVyg6Z25Zj4hotSDlg/3TQY61zJYlVD3b1ad38WhP4vBoZLX8Dtm8LW6wO3o0X1Pj3b81pQHSwBrS7aaVSulCskXanSqbCq3Grg7jpqZ2-L8KJLtMKr1GY-Zv77FsdDMdsC8n3xL4Xey7nnUABLS17b1xNTys97OeLIBN3dLJMmtXgex4rNpo0aK_OptTc/Pb4Pb1-_qeQJAYPJIG-RCuZ5zaJFzjbWgIANAxBK45w),PinkBunny.png (https://v5.airtableusercontent.com/v3/u/56/56/1786384800000/Hovcai1iIJ2a_BrwtBvy-w/kZgLw3RGDZYK8AzYjrtyZGlIWBINRSIbc3XV8Sbr3bvxXv6A-7PKGCSoqYOpK_aGaEx1bKZez2pNDzLS1ZfC6hmTCZ7NJfZwSVqMj8Gl79QiAcNchCHhUeRjqeLmkd_JCLaJOi5zSNlR8Of2bMZ53Q/x5HCJfXrNnGOFgW21vDc-CW0YSqa_cgD0_6GlJx0VGQ)",Found,https://www.youvebeenpucked.com/easter2022/pinkbunny?found=PinkBunny,5,4/6/2022 9:00am,,https://raw.githubusercontent.com/mkvug/YBP-Images/main/i07bdf1d8b3z.jpg
Shake Your Tail,Easter 2022,"2022-04-06 09.00.49.jpg (https://v5.airtableusercontent.com/v3/u/56/56/1786384800000/ztShQCDZixDm31qv6ePlSg/mHELU4YHDa2xkd18N4ZDMgswAzptZtBtOxRX3aKogaKCqKKqlQWuFd1lDfvMEBWg4_CW44uvAM9-3ECnqEtd-a4CZl0wtMZmhBF8tnwwJo34Y3C4mSYfHCPW0hnEbdXZN_H-hDnkaZRsMLSG7JZ9XIfvqO6C7HXc4lU4gDwLwt4/6oQvfNOtW3CG3B_ugB3_vpWaeHZXA09Da3kelHpbrCc),ShakeYourTail.png (https://v5.airtableusercontent.com/v3/u/56/56/1786384800000/YZsr1kcNmhfKrf41zTwdKw/8px52h8_V3OJw5HF1PJBOFjuReM-jXgVYH34xIIJ2ERXwnClQ7UTRNGB0PxwExgfQ6wzzERKPAY0T2lYj7JrVHN-l_n_J7VhL_GxzXNnjXgYabKLwj0eLSah-YzuOVooxZe1cvDgZeGFoYlLMFnSUQ/rhHjXW2iRR_XQV-obzru43p8JM42HLpYjogAv9SGN-E)",Found,https://www.youvebeenpucked.com/easter2022/shakeyourtail?found=ShakeYourTail,4,4/6/2022 9:00am,,https://raw.githubusercontent.com/mkvug/YBP-Images/main/8pzpik7z0vrh.jpg
Yellow Peep,Easter 2022,"2022-04-06 09.00.13.jpg (https://v5.airtableusercontent.com/v3/u/56/56/1786384800000/D4fgZnGoyuVqo145u7wqzA/e5ER-bKZsBZyNyUJF2XDP85i95YOoIVLI_rQEfRJ63DO7MhwRQcTcigUt72LJNkqBuKdAW17ulkW2mtQU2crDZkRfuwXKsjNbbZzt6WmKvv4DdFgseAJzE4ZV4sjZCZAxgv3leK6suPYAScCehb-3BM_sl8z_0fbkagMCkchErI/xuV4LxzebWEZDYoKytUgjMY1g-wXJC4714ZneCYMG7w),YellowPeep.png (https://v5.airtableusercontent.com/v3/u/56/56/1786384800000/4VNyQgEKTakBNo4wWp4wug/vAKIjBaPN05nkvFmRNqX8qWgZqq1O07zC9Wx6ed89Nqv5RdSPNP6cKoTtgYFL_yvPMad1z6pT7P6Ui27tKIAOH51f8OFhq84GH7qEvvcrUR7tVlns-IrlcpQuWG9gbLKV2k0x9uxunHFL3gcvL38Yw/AHr7L6WhPjhb_hh33Fqtk3sjVZzyj4nppmWLfVPdQIM)",Found,https://www.youvebeenpucked.com/easter2022/yellowpeep?found=YellowPeep,3,4/6/2022 8:59am,,https://raw.githubusercontent.com/mkvug/YBP-Images/main/eu7howveh829.jpg
Hoppy Easter,Easter 2022,"2022-04-06 08.59.42.jpg (https://v5.airtableusercontent.com/v3/u/56/56/1786384800000/6cPH611z-PVzL834GDP6QQ/mbe6ip24tq3NmSO3xGiL28OdTOrXqR-v65ZqSdf5Sr6yzEXvw6JV8N5VTxz_4HUwJ_ZBDy0PkY8SytYVsgKoStA3WVD6okyLZDtSRFxPFkLoPEcVTPQxcRgpBnE_0zWQHEGe-Bx572IoEKKSAQjps0K42es8-0hf1vZwmcxbrI0/9vtpeLt1pch_-PI70ZseZMFz-PsiX9ELTZLIb4rnsgw),HoppyEaster.png (https://v5.airtableusercontent.com/v3/u/56/56/1786384800000/53o73puRkr2SOiDCRzMjng/1l7oBnMZzkP4mQtS1MBlePDBi4yd0ci1rjHgN-KlvGawv-XrDg6lNUPzSrtFBEglpwQdauhAuVCqD_UCrmtWisrlO3Pv_jvkQF1aWHX4HIjFUTbn0bC_dtvu016Ozo-gz1FPm5ALDmBFNrezAM_oLg/ggtqgLwHeJ7N5d9IYFFyYlu4YLOlwTOOyMF_Me1O9X0)",Found,https://www.youvebeenpucked.com/easter2022/hoppyeaster?found=HoppyEaster,2,4/6/2022 8:59am,,https://raw.githubusercontent.com/mkvug/YBP-Images/main/2yu7ffmi1706.jpg
Bunny Kisses,Easter 2022,"2022-04-06 08.58.40.jpg (https://v5.airtableusercontent.com/v3/u/56/56/1786384800000/QhOdWR9TgbCBoyC6XWOfUA/5QnLwriBuUYswwFYsP0rZr73S1BrtMV1grTc-tBAoGHlRXMnifJ_w0pcDO-G89gBAbtbzB5okAoO5mcYCmESaGEo4i__42F8-wBDWjlxel-gTYanb-swv-rFYYgl2KncXCYYFOErtjhbzI_SLrW6a-D5aU1foMNai0USt1GJGDg/J6BUOsILI9Vy7QcTxBdEreXanhCkEfpftefj0D2Sh-8),BunnyKisses.png (https://v5.airtableusercontent.com/v3/u/56/56/1786384800000/oRnBkGkQBp1mb_smZBKGqQ/wbDybCoCl0l64lvv6kj8s-uospGnxWkeoLOJqBTqjeQkGU1l0Eu8StBQDD0dlyJSqVUlzFORVvsjCBizyYZlfURkcO0hLDUv04jc0XalRI0PRayJHlf7bhPGKiyRUZ3QpDNLhReQetlrqvDzRGXiIw/GDYVUUse7Xo08Ga0XJ6gxw7s7WfKNlsus0-nHg7Ff8s)",Found,https://www.youvebeenpucked.com/easter2022/bunnykisses?found=BunnyKisses,1,4/6/2022 8:57am,,https://raw.githubusercontent.com/mkvug/YBP-Images/main/l59102jn31og.jpg
I Pinch Back,St. Patrick’s Day 2022,"2022-03-13 10.33.59.jpg (https://v5.airtableusercontent.com/v3/u/56/56/1786384800000/Xzpu7t8AGBPkQP9c1-vesw/aUAKt4yzk5bO7u2SkpZt-i4nz81waot6oKeLr-y0c6mPQ9IOaspaLtXGGucnE3aMoFu3l4iU3yVJsgAcBEos2FsJidLEWp_Ci0CWBJkiTVzeadw4TU3V2ULg-7yO8KP61ztsarFw9w-qD44LXGQSX3iIVLDa45FCDO9dO08X0c0/SanwkHiwTAc5PVftAy9tn4Nuju27uBOznEtFg6TMtnE),IPinchBack.png (https://v5.airtableusercontent.com/v3/u/56/56/1786384800000/O_nDhpR1Qjachy7MHXEtFQ/vn-j5U2_Rby59AkW-Tku1FhcMzXHALLFzIrhOOGIl5kHoNWK153wirVSn5m4wIlbRmIIMLEZOts8GmnOHWpmiZUIP_YiqH8Z8QYgM4eYujVW-78XqrGpx9x8_7prFrjgK0ekNZyvVnzz_c-26KGKlA/RlXJxoh2lYRfU3dvulNeCpuOdwQJ-dfEFSUowpf3Re8)",Found,https://www.youvebeenpucked.com/st.patrick’sday2022/ipinchback?found=IPinchBack,6,3/13/2022 10:33am,,https://raw.githubusercontent.com/mkvug/YBP-Images/main/2x2fct3e5s84.jpg
Shamrock Love,St. Patrick’s Day 2022,"2022-03-13 10.33.28.jpg (https://v5.airtableusercontent.com/v3/u/56/56/1786384800000/r9c7PWTPqt5cQ3j4ipHpNQ/Vv_GBQHf1gmeDFpniBCjMGNfgoitTqW3QkZ9Ev6miXz00VHQLcQyY9ICniwvPK8k5-oQ5Dunp9B1Ngb3lruTz2IqFUUVZMD4uw9sK7KQRyMVF6soi9aT82p_HKPs6-4sB53uuGceNxSwlKWaKbNTBdB5qnL8hIZosvDCLGkzlD8/tGV0_d8wUkdyshqmALtGUx3ZbuFtKDeiICJuRDkBOEM),ShamrockLove.png (https://v5.airtableusercontent.com/v3/u/56/56/1786384800000/WZYyaGR5TM2bLzC4rxPgog/AeZ4ojvawjb0F99d8bD0e9uFqO45WNoeZRXkwOgVx2rbqtWfJJ24w1sRoCXUZjdq_jkkB57K4jfYkP4unX4P7I_6c323DTT1X58qxScd-q0db9uYy9R97Bdx9Y8qUi1-sFQ3BlRpnA6wd_A3ogRNxg/YbQm5DA6_aikDE1sHuMyGLND518lQBfIdWYggWLZdkU)",Found,https://www.youvebeenpucked.com/st.patrick’sday2022/shamrocklove?found=ShamrockLove,5,3/13/2022 10:33am,,https://raw.githubusercontent.com/mkvug/YBP-Images/main/a5pvohermkx4.jpg
Who Needs Luck,St. Patrick’s Day 2022,"2022-03-13 10.32.58.jpg (https://v5.airtableusercontent.com/v3/u/56/56/1786384800000/3Y5KsMIk_toKnJXxGFtIdQ/s7WnKkWt_fP9o-AObpIonjyUAYudEIr36QB9V8q9MguiQIKfQlXZW6CDOmqNM5zjMD2kTVWIvqFu4N4If82G2VRo44evCG85oOM58ChXPJcUvwXbKlhUN5TRGu-2U5EQ9H-Op45-vbJjZfoEoiMfNWDmkTSfka5CinQua1J9DFc/tJ4nYoktVWT-cHQPG6_2QkNi9so8eubL-USuYTCg2X4),WhoNeedsLuck.png (https://v5.airtableusercontent.com/v3/u/56/56/1786384800000/oW_BCfYyAW3nwiD3tTL6zw/fJyldm5ZoyFbUVYh6qD4XslLqXlepNMlEOQDtTX1wdk7I0UySuyV9Gmys1CXaO-0zJhj0TnSTF9P4gbRcWdpRKcMtiwsRebg0F-izFFS1A1l-NgV7Ym_dF-D6ZohueIlBjDvOPtumCULrFr11yawJg/_MllMGPm5x6r45M001wzLlsjPmp8W3U3EjsP5M9aeYE)",Found,https://www.youvebeenpucked.com/st.patrick’sday2022/whoneedsluck?found=WhoNeedsLuck,4,3/13/2022 10:32am,,https://raw.githubusercontent.com/mkvug/YBP-Images/main/dfz19tnisap4.jpg
Shamrock Blessings,St. Patrick’s Day 2022,"2022-03-13 10.32.17.jpg (https://v5.airtableusercontent.com/v3/u/56/56/1786384800000/pBUK_v9ew2GX84lTtdp9rA/AIcyUEDAXaKtvJp3Ow_cW-teWdU4cS4cct7iQ4bPT_9CMi3iWAxdbksXfqy0TOu8m-XJXn784veLJKhXI15qd7bomTTBox8eGZ2bEiLqV7RRF05FaUiYA1tZy11h-ZaSrSdpdzffqgdg-ME_riIHYrcrD1MGAbUBj_B0knPIg2Q/rd4xTbqKMjdfdd3L88YFmq2qtwZxpDHVa5b4I1knQ8g),ShamrockBlessings.png (https://v5.airtableusercontent.com/v3/u/56/56/1786384800000/xH3m8ghrMg8Da3vfZpi4Wg/foQHFBNPkwrwWH9TwIPcIa65y-v5JePddmIBbsUeJcPGbBxux-DL5XstpB0UfHT9FdsJdHxzGsXcMRZaIsDVPrqe6VcydiYILFC-O9ldDE1XPDaho5KrL1JLkSp9fntJ3RvaOt3f7oHdigqEE2hKYLjVCC6CgjbZckDDJI0xCRY/iRp7DjcU1COYb47l9OtECnrSt92zO8utjYmjkD8EX0Y)",Assumed Found,https://www.youvebeenpucked.com/st.patrick’sday2022/shamrockblessings?found=ShamrockBlessings,3,3/13/2022 10:31am,,https://raw.githubusercontent.com/mkvug/YBP-Images/main/biic97q1p4es.jpg
Happy St. Patrick’s Day,St. Patrick’s Day 2022,"2022-03-13 10.31.39.jpg (https://v5.airtableusercontent.com/v3/u/56/56/1786384800000/sVG7jfT8RkRPC3Ye2bFvKw/fvaAxm6uBQiEt6vWtJ7zfrfJmtRgYNgafGzztJbVZzIM-z6Ptu-y2P5Rn593CrWIjv3r8CLzUKQ3sm02d3mcpL0qkTIxw3OjtTCLvhF5LcaeOnMtWi2LraJIbGaSgoBLlZJoXLqmItd4NZawtIAvu1GaXBLGDirJTMlGDy3e9yw/86UTXyvdL_mQPA7m_ZFvn_1_HjHWyFAtxFTFtEGcjUw),StPatricksDay2022.png (https://v5.airtableusercontent.com/v3/u/56/56/1786384800000/z0tRPYMh_mYZvy13m-NKeA/JfQBx7XViQHLc1x3ErT5Yy125LV9eN_IcDh8IP2dk0Aluujp0Z5zq6vhGniWknPX2ssbITC5qRkU-gNhh8KE07zCuX38m6R6erDO6vAf4ila8Nla0sSzNGME5tgIA-m5Oq1BP6aMLGpd5Cx6rewfMll24aNslQCg-fxpROPtzkg/0WXrNGBgfpNHGwTOwHOaha4KmYEU2O3JAnSIIsj4GDQ)",Found,https://www.youvebeenpucked.com/st.patrick’sday2022/happyst.patrick’sday?found=HappySt.Patrick’sDay,2,3/13/2022 10:30am,,https://raw.githubusercontent.com/mkvug/YBP-Images/main/9sn1n7q0l0ks.jpg
Rainbow Gold,St. Patrick’s Day 2022,"2022-03-13 10.30.25.jpg (https://v5.airtableusercontent.com/v3/u/56/56/1786384800000/MMtf7-CIRk0hwKtxqQqcPw/MnF9zNs7RzfRJOrEMG1A1VfhvzQeCvstI6EGft-ekJk3JNZ7c46r6DPRXER2RsC-AKqo7egxp3EqRc6ARsZP2ty1X-5t7z4nbXh9R8i5KLb8rAqHJB2vOSL5pGnXL50edrNjr3luXocY8b3dxhK4K1Gah-VG5QhmTJy1YcnKqsE/x12VpS91YD4059bGng837cLUohofj7gDbOvpWt92SZQ),RainbowGold.png (https://v5.airtableusercontent.com/v3/u/56/56/1786384800000/KfopU4rnqYTOp7fLiWddcA/4A-9ReKtBTDWJXeeDgUPFCu0VoMy0VTGmEAuqIpUkUEUHaXCJu3B-K5OwXDdZ71fUMEE18kV2jbrNChpAW1m6yGJFzXKeu85_MtGhhxqpH4T085kNNQ1nJERv-aiNaspw87qRw7Uz52XTfLIsN1dyw/HXvkMRjJGSKKbwRSSYaLtfSrWhFhfhuKkXW38-0sP1A)",Found,https://www.youvebeenpucked.com/st.patrick’sday2022/rainbowgold?found=RainbowGold,6,3/13/2022 10:28am,,https://raw.githubusercontent.com/mkvug/YBP-Images/main/bn5ub6lte272.jpg
Maya Angelou Rise,Black History Month 2022,"2022-02-13 20.59.47.jpg (https://v5.airtableusercontent.com/v3/u/56/56/1786384800000/oBv_0h7OpcwlrUs4nNkECw/vjf2y9mBwpHQYrae2bDmXJyIXw1rwFtkaqTIla74FH273sSU_xFX5LNAQWyaoByufgDyt37y9_B5Cvh4ZtA1eMjooDjOcwWDBjr-TaEIrVJcbGHsej9R1CIsIsaV4AFac5JMKRGeOHTrR6uXfL-FFH1Jd6sBGf1bZEd7fZq0ELE/wHtNrlcqw_wk6EJzSN2N5pN8u2bSkziXDDxJ7BVsLwA),MayaAngelouRise.png (https://v5.airtableusercontent.com/v3/u/56/56/1786384800000/0LEG3uo9Kxi9OMSQCU2Lwg/-buSko57FKVepx__fsObJjEN1ET4hOsPH5Qs0NfxXjiL-PJF8GiKrV2aycNPOA_kagJp4yotSNejxiQVHM-iw9QPhW8jV6DTGVzRP7rdGGeg4Oa1WOfKQDibwa1Ml7iUrKNXLLMMOiosKpvw7aDQqQ/ng9OhboAW7u8QpiP9C6uLYehzRjTDNesd0zModeAJOM)",Found,https://www.youvebeenpucked.com/blackhistorymonth2022/mayaangelourise?found=MayaAngelouRise,6,2/13/2022 8:58pm,,https://raw.githubusercontent.com/mkvug/YBP-Images/main/dbhlh5hcwba1.jpg
Black Power,Black History Month 2022,"2022-02-13 20.58.39.jpg (https://v5.airtableusercontent.com/v3/u/56/56/1786384800000/_TKZOepbb_p_b2fkXoZg5w/DdxsxWeJGvjaV1NjjknqfEuhdwsgF4KblcItjRwKLDiPGUhV0OAvGTFVDHfStvLp75qtyS5pBHXP6lVMcdjGRwy-PiDiDQ1hCu8iExzmGjK8I0waWHKz7LUUxt6ltFGLpvVvTfdgV_Q0aYvarlH0gSoVe8-2-RGT80rGIOoWNIE/41NQ9YujHgTnc94sXqSdL7-JGozBMb8y5S6vmgMLk5E),BlackPower.png (https://v5.airtableusercontent.com/v3/u/56/56/1786384800000/S6hLCbcoYLDOpO0hLAFxYw/txjrGpe3X9JbKzTp_0K_88ksikhTFWpxgme4xgiw8fnRivw6jWHvZzov5oyN8b3sEGcDTSTQuFH5A5P7MWhkwwLDvDmFEdpY7bSs-CeOi_CDQcAqr7as3jVIvJeyu-oYKk2slTRLEdpw0SchwUhREQ/kqvCXMcpjcq46u7eaAa_EAobaizh6EuGxopU8N_6wck)",Found,https://www.youvebeenpucked.com/blackhistorymonth2022/blackpower?found=BlackPower,5,2/13/2022 8:58pm,,https://raw.githubusercontent.com/mkvug/YBP-Images/main/27kmj2h9j7k2.jpg
Black Lives Matter,Black History Month 2022,"2022-02-13 20.57.07.jpg (https://v5.airtableusercontent.com/v3/u/56/56/1786384800000/PxWTBsDB_R0uGG2bZysaFQ/faF6LVTo0HfTDmL4V3wflviSuf8W3KqyV2Q-OHHqWLPsBm7hRgp4u4n0XBv9N8DM6sQ_LQAY1HoYYSMuKYSzfc1ZQ9IPQiFMkYTAE1cls4Me4mFKMG89aHiZmKmffQiIqFeAKIVP-FfBlRTbJrTtU90-17lewLaFwRFBpEU4FBg/drctip029Wnzc60y-rA41_ZPAMA7HYSQn28K1-3Cpcg),BlackLivesMatter.png (https://v5.airtableusercontent.com/v3/u/56/56/1786384800000/XhMUX4y9DPAQTuedPKN-Yw/iT330Xvul9VCloh-3Vzqyv2ZHDxQ-07ZdOdj_shXdl6GvmJccej9EIIZFf0H8aOwDVF606kMAAOCzhXvmemBEAWCYpEnTPIew6syL-tYnhpJSB5n5-ZA416wXnr9gCMvbn1Y9XMZaT0UCdb-uXopFA/KxyNOYM12k6mfig_oE1rjB4f4rWGZ0cekLFdYko2Mz0)",Found,https://www.youvebeenpucked.com/blackhistorymonth2022/blacklivesmatter?found=BlackLivesMatter,4,2/13/2022 8:56pm,,https://raw.githubusercontent.com/mkvug/YBP-Images/main/rwl2d5km0zs9.jpg
MLK Jr. Dream,Black History Month 2022,"2022-02-13 20.56.38.jpg (https://v5.airtableusercontent.com/v3/u/56/56/1786384800000/3NNgyl6I4-SyKkwFj3eW_Q/wJBa2K_biDFJRmiVLyEegbuuLlmVK5P18WeA9LAi3ZMw-KygyBxHve89y60EyiCtMd3G8kPJp7V6FigBf2wtQYzUd2MK13-Uu_5B14ISthqCUIF_Ch2oDdtKQZ3-Gqvr3Yz09NfZpVGznIYDst4uuOPpXvJx7mmjXc_7E6z72Ts/qDcUIyPirNfPj85Ks70CBiNZkLc2AFrNnfd_DfBV6UE),MLKJrDream.png (https://v5.airtableusercontent.com/v3/u/56/56/1786384800000/T_bCAvHvxv98xNDZK65L9A/6ABIX3GDMlGKanFy03Q2d5FMICO2dd9dkvVPs1hV3_tsoLSy0yz9PY6Tr46u0LNaty6PP6ygc-Fg6PRNpidUR7o2eax_EvJ1Ng6Q4Y1M7p5TYRC-JJexXVfXRhOKpkSyU9lFAEu3HwM0vac8TxTQHw/J8S1N9qe2FvaQX4heJyQsQQRayzLLQB_560D_JAv5Ck)",Found,https://www.youvebeenpucked.com/blackhistorymonth2022/mlkjr.dream?found=MLKJr.Dream,3,2/13/2022 8:56pm,,https://raw.githubusercontent.com/mkvug/YBP-Images/main/4ee6ckq5q6xv.jpg
I Am Black History,Black History Month 2022,"2022-02-13 20.55.57.jpg (https://v5.airtableusercontent.com/v3/u/56/56/1786384800000/Ve7xLxWWZrrC4mDSCuFdeg/J4huHBZ-bSMAGvL4Gy70jLO3ls9FGpI3SRnCcxHFFbzp58Hz_zwpwyihCPtfodWDKprKdOmg33UotvHSw9kmXfevfbGPzIjnK-1mP68NgXxxgl8EZt79WM_ref6OWdaQ082yxa40yMroEaGc1RBEiQDQHGBIMCvhMULx2FR8k3g/VULby9yqRtiS6Ho91nVHI-V142gmH_JlpIuh4vtMscI),IAmBlackHistory.png (https://v5.airtableusercontent.com/v3/u/56/56/1786384800000/MzGm0vcHtIpZb3nz-jS65g/2rpAa7w-NHFjtCsOKfMDILds2P9saxXarY0sNRx1j3XwOPV3jQh6bnFdU-a1ZkGIWo6bDj4B35loYeoGXUC9T4q90prapDjoDQmOKpeZVeKwg8Ns3L8oEXgIZTXn5FQZWn9cJsD6nlOEVb31j9Og1g/Ex6FhcHgQErqtV2QDVKWAZcBQaHr2sKMOzfNFxiwN7M)",Found,https://www.youvebeenpucked.com/blackhistorymonth2022/iamblackhistory?found=IAmBlackHistory,2,2/13/2022 8:55pm,,https://raw.githubusercontent.com/mkvug/YBP-Images/main/f4ux3oofcxjc.jpg
Black History Month,Black History Month 2022,"2022-02-13 20.55.07.jpg (https://v5.airtableusercontent.com/v3/u/56/56/1786384800000/7j600HutP3qfVHRaw8Gfuw/4PxFDjgzDNbyF6LWjyE4epJR7HuwQkpe168HR_NjX9IyYqR9sxDMN-QdVzPfbTYqN0XuNbv5_zLSxBn4qUb9MBtNwToIuXIMB7dI72AGYHNC_fOZR-AftrmnxlngtfrfubKhxVWZY_vzcGk-oy0krFXCnatjFMbFpFjG8DRiWgw/qGUCpvUQP21UvseZ-uKb41cqCLscdxcBzUN69ejUsWU),BlackHistoryMonth.png (https://v5.airtableusercontent.com/v3/u/56/56/1786384800000/9lvQJpb69AISUYbRCW7d_w/bESxFJ54jHiKuVpDh1soabxtlczlav2W7E7PRwMSh_QoP00SW16HHahogfX0IiuRfvCQJopWWnOvpCaHhIFOttUbo_kULothYrrVHJrMxfsc4hZUjvpPyQrmuvkiBypmb8aSW1T3k4kC6c7RkWYf5AAoeRDpIwCsHWfk8zhWNuY/8rQcvDpzF4euBflTTysI3Tq4gpt9QLuFVtNkRltVSjE)",Found,https://www.youvebeenpucked.com/blackhistorymonth2022/blackhistorymonth?found=BlackHistoryMonth,1,2/13/2022 8:53pm,,https://raw.githubusercontent.com/mkvug/YBP-Images/main/zre62ir2enjo.jpg
Candy Heart,Valentines Day 2022,"2022-02-10 22.57.16.jpg (https://v5.airtableusercontent.com/v3/u/56/56/1786384800000/sJVzyZ-JwFIJBS6RGlHkZQ/b8TCi8hnRTYcadZ_KWvh478yDcLlxT_qMx6ZRx_8oENNvmq-M9WRklFr04JfR0ZLj-_1JZwDfVhkKJS884RBnzyiU--CydWfLRXmUsnhSM-8HS0poXW1gVdSPOogY_OIm6iBPAIMqIjQW16bFTMvoHpQQKtRrDeoytAVfWSnhN4/eLRRIJ-rIbx92EQm-8g24bgVlb_q275mPfv_t6_1cek),CandyHeart.png (https://v5.airtableusercontent.com/v3/u/56/56/1786384800000/FOgNjJ4RLpDm54pv2ouQJw/S0V-eVxy-2pfMqnoON1GvEcZ-yHruZLqNS29bqw7n28UzI2yk8pQ7Awsbk1ixqtiUkMGQFXa9dCr_W6ADmjJIUddxwTM_qEpejAtIdnZ8r90ZbQUY5ARujBrYaRJ45b8O5I6ZExt1FJeZFupyXV0Gg/NScDTcgAeSy6lIJYoH43IggHbnxSlT24TOSkThw5MNE)",Found,https://www.youvebeenpucked.com/valentinesday2022/candyheart?found=CandyHeart,,2/10/2022 10:18pm,,https://raw.githubusercontent.com/mkvug/YBP-Images/main/vziura0dn7dd.jpg
Virginia is for Lovers,Valentines Day 2022,"2022-02-10 22.57.33.jpg (https://v5.airtableusercontent.com/v3/u/56/56/1786384800000/4KhqdGox_8LYUFr7cS73Ow/nID3oO4tnTOG_bdwrfYofKVupLrEzSKIpC8LgCrUlDkSCNPB43ehjT07OgJKF5vuzP2LJzpSsEe3vaUcDpEAKhOphv_tgJ6DHzUElbBSKfIwtmGUIUnPDNR1eqxoiRT__J0T0aK2S2NUMHAf1Vu-QezDXQVMwkC6GKfc71H4Muo/0mrBRAe42LIW0AhWrJgoilf8kdq9i3XYWGe0Dnc3Adw),VirginiaisforLovers.png (https://v5.airtableusercontent.com/v3/u/56/56/1786384800000/nZtAp7UsIV706aVXHddFAQ/1l1iQUeZcErN_0Wq7vxVftSZqLx0xwFvOdzG89dnRs7n7CeqFl2X5DD1mtOypwWpLu-uOBFq3dJwn2mEEE2svks6DMrmtsWwywAeLpNbI2Fat3adOmU0yE9AbR_DFtrJeoEyy0bgFYsTI1kAUXJH3ylJBxAaVUcglrJ71RG87Yc/tuQpbQAmbO60qCJfFNccK3x6_1zFbls5RcjdLMIlQA4)",Found,https://www.youvebeenpucked.com/valentinesday2022/virginiaisforlovers?found=VirginiaisforLovers,,2/10/2022 10:18pm,,https://raw.githubusercontent.com/mkvug/YBP-Images/main/l19pufiyreyw.jpg
Love is the Only Gold,Valentines Day 2022,"2022-02-10 22.57.45.jpg (https://v5.airtableusercontent.com/v3/u/56/56/1786384800000/myv6XFYhM6sg930eIGgPjA/08ZSr0TKKOlUWp_2Qig0L9t0MsW3o3-7L_YYSth-R6ol2lV0pseI6ab_LvATTaZ_eSDxwy5yxK3wuSg9jXMCAtpEEu17VPnuCXIecWnt_FoqWnBgzcf_Mi1Dy-aY5TPVJhmIX9jubaR7Obcvko9WJLDvFduWtfvrzWmAyxtmd_o/JP1ECwpK3p8AxGECJg6nr5VdiIUyDJzaqRgUOYdFtWY),LoveistheOnlyGold.png (https://v5.airtableusercontent.com/v3/u/56/56/1786384800000/O3E6cD1FdH9EWTf8gpkmmA/5j7p-3sPFcW_IZlxQ-tJ-G3BF4tecbndskUIFJcN9hzOhTytAYjYgmMHKlh9hpEVIWH7V9C2yTp71RtrPJa1Cq-uUs7WiIHTzKP0RrulJqcYp97UZTgK5ZfRqfhG-RPNXF0z4784x5YNQZTwOV0lBvDtPtp33q3M1GB_EhUBsd4/2dOp46CeKPGCTL0jLFH__AbAr_SkfZ5RQYNhLuvynRw)",Found,https://www.youvebeenpucked.com/valentinesday2022/loveistheonlygold?found=LoveistheOnlyGold,,2/10/2022 10:18pm,,https://raw.githubusercontent.com/mkvug/YBP-Images/main/6yofqeermyy9.jpg
You Are Purrrfect,Valentines Day 2022,"2022-02-10 22.57.55.jpg (https://v5.airtableusercontent.com/v3/u/56/56/1786384800000/1NcQomf_phiNK0FJagKUOQ/PipICzeX-kz52xrbDN71hunnV1VIhLByeo_unp5jCYTCYQLhewsALSTMTALCyC--19Tx__1k4IoELzUXOIDqe4OtAbbwoUncfxWnAUeb8HbpEp-Ts0BnuUd1rSsXg7TwSYtCpECkn_ngjEHPB_NjlBnLG8-PmUegRSm1gWdaed4/fuXrfxGh6Nupho-tnTVkGxC8joke_W6pLHyo4cTYXEM),YouArePurrrfect.png (https://v5.airtableusercontent.com/v3/u/56/56/1786384800000/Cv6BIzaFoppoRUH-B5LHpA/BfJ73t0nfAMbJAvgVxqq3hCD1_PJig7iKwsoOP0Q3lGUGpshlmE32nyjFGkLf0-ARsr_vtr2lBLjU3yvzPn_oiJLIjoACq-Ga4ngYw1lqWIVC-E05krWLCa71w1RTASc81q5VPTT_0G8y6du30YAmg/7SIirshpu1N5FHTFeR-UGVcFBt9R6tOhTTnBjn3Y-uM)",Found,https://www.youvebeenpucked.com/valentinesday2022/youarepurrrfect?found=YouArePurrrfect,,2/10/2022 10:17pm,,https://raw.githubusercontent.com/mkvug/YBP-Images/main/v3ua667bzl5a.jpg
All You Need Is Love,Valentines Day 2022,"2022-02-10 22.58.24.jpg (https://v5.airtableusercontent.com/v3/u/56/56/1786384800000/_uKpiV9EEsNDIr42VZgL8w/kU2_oY0hxkETgoppLjSxYazdyzwmzPT7RI8se7RJb9YefzdxuMErtIACs1Fot859w47I8DBcunuQxi-5dJ4YRIg8M3rz7gWeZM2GJ4P2zp0R6JIDxYqRYEj6VALmPzJUY03_G6Alg3Yl4MCiZTiYcYKLr8uvotvxzugX7Mo5VLQ/3Vz24Rqsn3Y2qUpU-xsjp1fmxWUeVNIjMa888XOOUCk),AllYouNeedIsLove.png (https://v5.airtableusercontent.com/v3/u/56/56/1786384800000/glEErVR9RFsiqU6prnngSg/D_hhmCfjOX0o0TLBr7XJHSExfdC3wEinUw3Y1ooZroTk0mZd0nn6CY3PXgRWDil1Nn2vpZZ92vn-FBizqrobWyZuICwJopwkqLTAUIm_ZFJk16mtWmQYbds7VA5koDOY7i4i4tnemyqOkqNm3sL7XQ/THnySVrcJ-3j8S8GKpBbK-C7_o-gFrlAm-eL9q-VDgs)",Found,https://www.youvebeenpucked.com/valentinesday2022/allyouneedislove?found=AllYouNeedIsLove,,2/10/2022 10:17pm,,https://raw.githubusercontent.com/mkvug/YBP-Images/main/50w8g2vjqcws.jpg
Love Bites,Valentines Day 2022,"2022-02-10 22.58.33.jpg (https://v5.airtableusercontent.com/v3/u/56/56/1786384800000/jbAXuTMTwj6R1KRWjnh-XA/SUUTAuA6i5YTwGElJiQD89LDImQ5RN1nXpRXesfZwZCfWDEw3l8p1qVLj9srT1Cq_8olXD2dVv2MEVHuD97wSp2j29AHQlXHLFZmsI3dh2s2M4nyH5kk-lIm56cYB3lRpHKmn-RNRwxht7hIZWaed7r_kHjWCG4lpB3S3w6HaPg/afkb0c_mo9v9_r95ftcH0QZ7Zmv3cPXKYJOLmhs9_68),LoveBites.png (https://v5.airtableusercontent.com/v3/u/56/56/1786384800000/pXiaDSzrISpPePvJ2qdwNg/39LtlLWcg1mGaCz28KvpWZ-8mYSStp8Pncm-6XuB49rJAuSBUDAa5srsJzOyRqF3-TXPR8I4N_2InYmmy-G3akUI1Tbco-D7PRQchRlxzusjfCa8DtZ7QAJbdCnO7W3qwNVDITpshZEEiJBfzXMf6Q/GH7fzdiPqZIZ8OnXKzaBpNLmIQdI5StNu_Vu5a1DMBw)",Found,https://www.youvebeenpucked.com/valentinesday2022/lovebites?found=LoveBites,,2/10/2022 10:16pm,,https://raw.githubusercontent.com/mkvug/YBP-Images/main/ldam059xl9ri.jpg
Christmas Lights,Christmas 2021,2021-12-12 19.28.24.jpg (https://v5.airtableusercontent.com/v3/u/56/56/1786384800000/AhK_bkBP7bEQmcKkRcOxyA/66OMza6axsuKoD6gdwP_ZeDUB4o_q2DdP5o9JNncwJR_azhLyFlPuA34LciZtwQ02_vW6TI2xxjCCrSVcJgH9mLjzne8C1ohtOb0CK1mDBvRL5ft9h-zWvJUMLUOTMMQtIVZf-mPdU6QMs30G8m4JAhwGd9M9S0VNeneQetrJGE/N1of1yNYCyHQucewX6OMfA-KyplYCgpLtvuvBpirJbU),Found,https://www.youvebeenpucked.com/christmas2021/christmaslights?found=ChristmasLights,6,12/12/2021 5:54pm,,https://raw.githubusercontent.com/mkvug/YBP-Images/main/hsj16ira38wk.jpg
Reindeer,Christmas 2021,2021-12-12 19.29.02.jpg (https://v5.airtableusercontent.com/v3/u/56/56/1786384800000/MRdWj5xCnhDQbmpl5hKYTg/wpGbFSJtXRKVpnrkTZ__G1QqfogIvgfS5erYwhBtnUFs4cZ0muiRkldFliWnFsdCoXYFPOYYJQTgjMjg0LY4a5Fmp-d8MLochfsMY8oyV7a5nte07AHR3a6MVb55haB4hVy2w6kXD_YseJ_fQSKbFu3K_DjqWGM4odqchkUTOQQ/odphkld1W4Uhvav9fG4GWQT97So0g0ghPdUksvbANLA),Found,https://www.youvebeenpucked.com/christmas2021/reindeer?found=Reindeer,5,12/12/2021 5:53pm,,https://raw.githubusercontent.com/mkvug/YBP-Images/main/zq6tropox0mb.jpg
Chillin With My Snowmies,Christmas 2021,2021-12-12 19.29.10.jpg (https://v5.airtableusercontent.com/v3/u/56/56/1786384800000/DoYfSeSrow05g1NjJ3DCmw/Kb3QmqnMZq_6_FMdwDep0bkvXt2HaT-Z_QX8gxnUXQaP8XDWaMM4Ym-SuqvCag6vyZ0G3V9S_2qKq_t45U3X_ln5zXlOe4TCw7DGt447KVl5FpDKxwyLYl9Mh1db-lN4TfnhI8NvWzTAcJqooOLaYKcSML8rYOjLooQuDwKcF3A/9C6yo1uKs0rljgoBaS8mOpX5gazfSEaZhj4DvGo3mxA),Found,https://www.youvebeenpucked.com/christmas2021/chillinwithmysnowmies?found=ChillinWithMySnowmies,4,12/12/2021 5:52pm,,https://raw.githubusercontent.com/mkvug/YBP-Images/main/aejh84qbuxam.jpg
Ho Ho Ho,Christmas 2021,2021-12-12 19.29.18.jpg (https://v5.airtableusercontent.com/v3/u/56/56/1786384800000/wPs7RMJCx2dJ3reaWHzrcw/c9aI_Wv_Ll5aw83RYLy44UTlX3BlVZwktO36rMRlF5vh72BrjAnLAN149lK8HqOup4MafdbCBFvHj2gQTcih3fVXPxbzyVdx8degtMmNXAbng5yw58zM8jAve199c0iteoQ9CUuWW8cJKdWgowvKw3eQauj_-z13RLMNYFq4ulo/-ZpO22yhwoQta6yz8nqIX-8EM4Jwo8Gudpp0-FNX3HU),Found,https://www.youvebeenpucked.com/christmas2021/hohoho?found=HoHoHo,3,12/12/2021 5:51pm,,https://raw.githubusercontent.com/mkvug/YBP-Images/main/1m42wh2oeudv.jpg
Merry Christmas,Christmas 2021,2021-12-12 19.29.31.jpg (https://v5.airtableusercontent.com/v3/u/56/56/1786384800000/hmUS3tz8Jc-z3q-dFTRsVQ/6GS_9I4O22ylVblFW8FHkmCzyrLkAWcM_JGguoUExOT4xTfbyIffpEzbe8VE4Yf0TJF_wcWRl6k85oz4boQNhYIfvt2hLR-Be5VCTCRtQoKjjmXcsfQTDHrb9aJtmJu761dw4SO5Z92IvCT3qtpphOkVRCTxbMLEjMhc6KZmQx8/dW_uCxFLE0jbOfypcIcE6J-3fpd4_CqdNyLjEPdX9Yo),Found,https://www.youvebeenpucked.com/christmas2021/merrychristmas?found=MerryChristmas,2,12/12/2021 5:50pm,,https://raw.githubusercontent.com/mkvug/YBP-Images/main/f30wq6tj7yr7.jpg
Let It Snow,Christmas 2021,2021-12-12 19.29.40.jpg (https://v5.airtableusercontent.com/v3/u/56/56/1786384800000/KNYKNtVa85CkfADS3-gjyg/Lq4hd6G8fEMog2ytVJdEhGskJTG1sXrZF0LkFJ32oDLS3dipWmQF74Cfie9nTlfQp01v1Dr0gu-ICnWhdmvVqa6qDWKFNr9O6cL_6_QkIRXLEMAcxDxcPl_hj1CawTWXNpzo-lM84l6ktutD9EoEY2RZ3_nw1Tjv1CBGWRQ2BKU/u7sBeS90C4MzkRQPV-5XSZH6CCcLJtIBReKjezdnCjA),Found,https://www.youvebeenpucked.com/christmas2021/letitsnow?found=LetItSnow,1,12/12/2021 5:49pm,,https://raw.githubusercontent.com/mkvug/YBP-Images/main/ue8dns52raaz.jpg
Give Thanks,Thanksgiving 2021,"2021-11-22 12.35.07.jpg (https://v5.airtableusercontent.com/v3/u/56/56/1786384800000/qOY1oQucNWyEhIRCPtTiPQ/kwy5BYi4hiMh3079txXxZm7kcDoq-0S2KGIspoV4Sj99XROb3OhWZUJ5ukFZ2jMXdzFM8vxfaJksykjwsG_wpM0ryfsmXOjql5sgKFe9vU55vHx-Ly9bSpoDAIlxO8RjzME6zKOglqfZsOC4gqzKVdpfP3wztJXzASKbDBLlqKk/JJrpQazagJTDM-l0VZ3QjMyQHjY4anHQ46vJRIxf_CI),GiveThanks.png (https://v5.airtableusercontent.com/v3/u/56/56/1786384800000/gCy4nZ-XrRX2Qt7Z_m72qA/krzuMTSi5TzC5MihTkd5Nn_y3oFTcpAf-dQKE85Z70EM6yLIfStKG-6zcj1AahCyL_W5-4vWEEBe4aCG_xrpBIjHgLFb67wWLDNOBpdipawyEW2cK_84pVHsntfEGxXEBBoxt9QBOUJ4Yo-u_pufjQ/dk7ReMP_Vtntbo8Ens-B1EmtACAhvNSCZNuaVOsqO_Q)",Found,https://www.youvebeenpucked.com/thanksgiving2021/givethanks?found=GiveThanks,6,11/20/2021 12:25am,,https://raw.githubusercontent.com/mkvug/YBP-Images/main/cjgcfhu94e1y.jpg
Leftovers,Thanksgiving 2021,"2021-11-22 12.36.12.jpg (https://v5.airtableusercontent.com/v3/u/56/56/1786384800000/hqCR2th10VIhhawk0MF18Q/WohDjqCiXDeNIf1TU0a2GMB0WqRf-Gan0zMNJC_DJAHQ0KCFscCs0tLXfF-bwTJLmuKU8tvAkhxm9c8ghmuF7kBLTs_gUlFNrTiB9nV_mDTn2letBTQapq-687TmKTF_ugibtLgkVAae6TeULlLSgR4WqQbM15aTuzawrUTTO1Y/mlXVlFHoE75ZcLuCpeUtg8tb9oxjTbq8CTQXMCCXhhc),Leftovers.png (https://v5.airtableusercontent.com/v3/u/56/56/1786384800000/xglodV6_dqtJ1dSYePNmYg/t17TfDX2S2uhpCXwOGYhTZ3ib4RLbzV3MpbxhzAbqGkSqQBWSG2TgGlM1iYVko0JJgNEIq1e0uq1tuYVvqQc-g45qZ2S837WC4aKp6Zs108Hx5yKp8EaQOPjZzAGEUJJwwM6efxWxlnmgFF0cRrp1g/Ry_3CkmsE1dWKFLx7FoSJMKZF5OYy1HiBezSaaVS8LM)",Found,https://www.youvebeenpucked.com/thanksgiving2021/leftovers?found=Leftovers,5,11/20/2021 12:24am,,https://raw.githubusercontent.com/mkvug/YBP-Images/main/9f9g6glo3q4e.jpg
Get Basted,Thanksgiving 2021,"2021-11-22 12.36.49.jpg (https://v5.airtableusercontent.com/v3/u/56/56/1786384800000/7z5KOli0EEIvB4SvTsVfug/YeJQfuZHfGKG3T15X8mXX12Ezkm1HKM4pIAqArRkXlS9iwJgrcQLhZsj1G75qWfmGhSag1G8I-6wgUjxwB5phd_IDnFlXZtfoZBDIzIaJiZXc9oW4e0TsJaeZGh2XMkKAC2rKxl2B5Rc1HlZVUrh394jAsA1JEkhquDHxKKIEYE/z6-h5hy1KS40pK4w0HOks5mG4gLBoii-Ir88OOF1nL4),GetBasted.png (https://v5.airtableusercontent.com/v3/u/56/56/1786384800000/If0BfUe4JKfjzHjbo-v5Tw/O-uHJp-Q_cUNJjHRBEI6XblV4ogOyDR0HizNec3bfsehadWlE_GHJReb1uOw8JNz8YMCzYZm2_E3LHu4zByTfs9q81JXLIE7alASeeMYMM56LLtRsWM-4W3ttb25GlNIlFWhC6DM_MJ5ReQ54uKoGg/EXXq3wOGaAnvO_5zK8yh_7SKEVRuLab7HPiFX3oD3_o)",Assumed Found,https://www.youvebeenpucked.com/thanksgiving2021/getbasted?found=GetBasted,4,11/20/2021 12:24am,,https://raw.githubusercontent.com/mkvug/YBP-Images/main/mvzcuo6a2kk7.jpg
Grateful Hearts,Thanksgiving 2021,"2021-11-22 12.37.03.jpg (https://v5.airtableusercontent.com/v3/u/56/56/1786384800000/rq0PwaCwsw7cm4SGt3TGfA/bqeFUwCi4RYUQXQt3G8JrLC2dYAKdkal1Vpg1BTzg42x23I1LfH5WzcEvzpTsxzy9r8D-LhGqpMgzq1_vn6Oug_LVXole9i4Ld70_P4gSQERgNpXw8aXy7P237IESwxcYYC6iJupytpM7_TWBFHxNonGiQejDc8mKME_LIdD1rU/WkjZyFRroQThq6Q7K3ozRShBfOyJFqjdGdcTOFP-A6Q),GratefulHearts.png (https://v5.airtableusercontent.com/v3/u/56/56/1786384800000/uPrJ5hzbDZjCqvytHbyQEg/8_6cQRXm3Og3kkO_W7wtFazFOsDclk9AvtGfeNkmMmEs6Iy9DqvCN-4KPH8U78vHxxYLLN4K0RWxsyhYFIrI4YVegDC2Ea2ixig06yP470HDXRYFtRCQjNMOkd1b-gK73YeDbcKtSM5IXgB0RJFb4g/4Fpu2aMc_Hl43KQKcQdKtOi1DvXweUbUHUH1-pNgLnE)",Found,https://www.youvebeenpucked.com/thanksgiving2021/gratefulhearts?found=GratefulHearts,3,11/20/2021 12:24am,,https://raw.githubusercontent.com/mkvug/YBP-Images/main/r4t23jd0dtsa.jpg
Oh Snap,Thanksgiving 2021,"2021-11-22 12.37.19.jpg (https://v5.airtableusercontent.com/v3/u/56/56/1786384800000/HprTZOMCOnUXsRntBHlo2w/4aIOaF3ruoR3Tnhe0sa3xfQxYX93Gz-HMj-FKRddYPXkWOoHO4EUeqj7EGt3oWaYGciq7mgP7prq4m8ymlueyugv363Uz3aT1Xak2tzgoDBCLPXAQ0aKBjjAdX0QM8Mzg36usUOB8IcA5ewQXf6DZxKSm_k3vXzfDDuQjKf86vI/p7AE-rh-mvD1lsCmC15KdCq9jYthcYc-67vo7wQ4TKI),OhSnap.png (https://v5.airtableusercontent.com/v3/u/56/56/1786384800000/ctdNrY4wM5j-obZsKuOqoQ/1jH6dIiXxSkU6IqHbrKzVVm-pCtQEWDvUcozCiVvLFkctIDQZzP-MnSil2dwmv8h7JhyzB6iHDiVdHnJNJIVOephmuQDydOF--cfWpZi8MJnO6DJ8fdqZEZU0-hcfidSDclxDCh7JWXUCiItk72g_w/mCYHaL5s3BHGaRgLsQHj36EAIYGsjGycEsuMARkGZAY)",Found,https://www.youvebeenpucked.com/thanksgiving2021/ohsnap?found=OhSnap,2,11/20/2021 12:23am,,https://raw.githubusercontent.com/mkvug/YBP-Images/main/h61ew2yw0ro4.jpg
Gobble Till You Wobble,Thanksgiving 2021,"2021-11-22 12.37.26.jpg (https://v5.airtableusercontent.com/v3/u/56/56/1786384800000/7EgZlgvi0zM2obgkwaCuAQ/1gG7UxeWO7JbZcDcTHHXAzw4H6pJUPGkJPZZnKo3qVN3a_DqstoJQCS30lY9vKPsZY3XZl85GwyrC7wFD4WJGiQw6k1GQpXZ0A67LuxEzhBZN3evLgucVNLd6a9GSsR1j37vxrYO-P5YMERPor568E_stfyPMiYf97mu0YT8seo/cwTBsjg2XVbx7_QKxjbdPwOZLZXDCLoT6Z3wKTiPFVg),GobbleTillYouWobble.png (https://v5.airtableusercontent.com/v3/u/56/56/1786384800000/w0kytV5NlASG-WArZK92OA/_ERe-wuXnGzwUfm1yoNo-GPIbFkbGJTIzhKJ0-45-KM7PBwe5bXD3CbOwO8xG0aFvnqGuahmWscShHoteD_mWXPS-NWawPRvRMNLkrbSdPpY5jyKitNsZz6EhFtV_N1OJdQ82a5e0xmhkvoSX98H20dfZe5bOL_1x1UOCzMMU30/ntqVmEqSVvGTJz0hViua23h5ZBqw-0qmKXzVOnbq9LM)",Found,https://www.youvebeenpucked.com/thanksgiving2021/gobbletillyouwobble?found=GobbleTillYouWobble,1,11/20/2021 12:22am,,https://raw.githubusercontent.com/mkvug/YBP-Images/main/hddyqvsubh6q.jpg
Trick or Treat,Halloween 2021,2021-10-20 12.54.24.jpg (https://v5.airtableusercontent.com/v3/u/56/56/1786384800000/pQ3xB9N0G0KKe-CkqGk_2w/Eo6UcOJCazvXcS2ovIcZP2hrSSdVk51Qtegqml54W-zGWtWancoSMFF6hMXE2N2SyW4EJYJw3JEotYstH0cFI7rrSnDca55zIeU_VwnV7wp52QDorVYCulJlSNOttBf_wEJ9__erC8W4j_e6Kn5Z2JfNc0pvwu-4qANXBTvGM_w/hB4hM4ASp_ag80ke0KVefJ_EsaPO9nl_Nelyh3rtkqM),Found,https://www.youvebeenpucked.com/halloween2021/trickortreat?found=TrickorTreat,6,10/17/2021 10:21pm,,https://raw.githubusercontent.com/mkvug/YBP-Images/main/psezhby7s72y.jpg
Happy Halloween,Halloween 2021,2021-10-20 12.54.35.jpg (https://v5.airtableusercontent.com/v3/u/56/56/1786384800000/aP1SwFMak0r8lKPJoN9kVw/-tJJzqWVYEfaNPNbaAJYVHT-TQqyvuWAHwJbpSnS0DUUgFdB8UnCGKsKVxD7ojG2q5Jn36Vc2wFIlJObfqQ2f9q9k3wBhxLxBGiiVvjXsnHWROlm3DISxLHB7bTFXukASGrRCJfuFq6EST1eVaJJccRhcjQFvbUjr2SzP95oTcc/udD6l9QYiN3o1ZHe0y70I1zrN0Yy31GeBBn7p6bV3rg),Found,https://www.youvebeenpucked.com/halloween2021/happyhalloween?found=HappyHalloween,5,10/17/2021 10:21pm,,https://raw.githubusercontent.com/mkvug/YBP-Images/main/wtpxey8v52mi.jpg
Zombie,Halloween 2021,2021-10-20 12.54.41.jpg (https://v5.airtableusercontent.com/v3/u/56/56/1786384800000/vWGscEZuZt_4PreanQx1LQ/hFAmvHgsS-0nXya7dW0ZcORYqJ5BYhwvFA0QHJqJuiIc3dXzF31rq7pOCbQckK7RCQeC3SKwkWg7OyYNLv7d3T4DRH7vm8YbdX2F-1-1SbiXFdYCKO1mHdwUvHV5NhplbPTKrPgbbq6oAXb22BB1oMdkmjsc4XY1MNG-WfTJw9Y/Pq5LutVsP-1vAqUju96Z6qRrzybHDbS8IJ_2P_YOoEA),Found,https://www.youvebeenpucked.com/halloween2021/zombie?found=Zombie,4,10/17/2021 10:20pm,,https://raw.githubusercontent.com/mkvug/YBP-Images/main/lw60rq8h10su.jpg
Here for the Candy,Halloween 2021,2021-10-20 12.54.47.jpg (https://v5.airtableusercontent.com/v3/u/56/56/1786384800000/_RxUf_xsgjTu5sL1Zi1aCA/TpHQqp-nWIyotKIccT-4_yXM69EZkd6asb975pVq-UwLJ7i-yFlFXrGbgjpRjdqTmndALxf6IR1A4lkpRPBuQ-9Csq6sf7J15DGTIvCNXp-zolRZhUq4I27we8i5OWdlPtqUiqZlhFKLCSSHdcIWn8tt7AexYfepwHlo6U_DLYA/Q5F5qtf8E6HcfLt5FeuKT8S0WRX532pdrs0ydZr54so),Found,https://www.youvebeenpucked.com/halloween2021/hereforthecandy?found=HerefortheCandy,3,10/17/2021 10:20pm,,https://raw.githubusercontent.com/mkvug/YBP-Images/main/wwxidhx0afn9.jpg
Creature of the Night,Halloween 2021,2021-10-20 12.54.53.jpg (https://v5.airtableusercontent.com/v3/u/56/56/1786384800000/NefDMOjalQ8LJeVrEcu_dA/P55rY_Ir-tzImLp9viDZ7FWW9P0s_ix3DN4S845dBzg7zdNSRqNch3FbIk66JlrB752alQ0uB70fEH65VGnqL33UEKp_d_9BDAcSpQjrZUqDssgB_2pWmi1l3kJHGD74FEkTmVaY-L8_P3dEACNxPKkURh9rA4mp9L4SCg8_uOY/CV9hqVFQbjBGdQSrixa_6KEeqNK0dhgJml2QnJQOumM),Found,https://www.youvebeenpucked.com/halloween2021/creatureofthenight?found=CreatureoftheNight,2,10/17/2021 10:19pm,,https://raw.githubusercontent.com/mkvug/YBP-Images/main/unkbzjqzbp3d.jpg
Happy Haunting,Halloween 2021,2021-10-20 12.54.59.jpg (https://v5.airtableusercontent.com/v3/u/56/56/1786384800000/cMSyq3Qv_YlKR3qr8VbD-w/cE8oIC-fj8Z4JRWnQ1pam-bxxGdAOtACDI22IUEPhXXVtsX5vMUISrm6sMu7WdUVSllzFBBAfAmedrs037ShkHPoKQQ9gaE8G8zNc7Q-qaFD9GRqPxmbWki8WofE_wOilUUt9fRLx7iVqkiujHiuLczm1R7cchExpei3mH0m8pg/ld2kPWJSRtSbWDnLC7VShTr8DEhOqh1EAdGfnRj6l3M),Found,https://www.youvebeenpucked.com/halloween2021/happyhaunting?found=HappyHaunting,1,10/17/2021 10:17pm,,https://raw.githubusercontent.com/mkvug/YBP-Images/main/ocsghqjfffhv.jpg
Dirty Dancing - Puck 2,80'S Movies,2021-09-11 16.20.27.jpg (https://v5.airtableusercontent.com/v3/u/56/56/1786384800000/x2JkOJ4j08LK2rYySUIgZw/UfvbHlAsSdsPH3YgI2-aZqCC7WUu0XHs8JYEDLTZilsFqYZnDy5IOLRrsAetdLbb-PULogVt0UZf9mzNtOkvzdDtusrHu-qZdjiDNVtNCR9-FBbFQpaN4doW0GaVGVh88nRzRfCm6pv-dm2q2y4LGqdsOeKPeZh--nqDx1XpN5o/cHmtG3hXrDthFtOvmeJkTtYW-1FJ5Wap-W7ChvfmcBU),Found,https://www.youvebeenpucked.com/80'smovies/dirtydancing-puck2?found=DirtyDancing-Puck2,6,9/7/2021 11:05pm,,https://raw.githubusercontent.com/mkvug/YBP-Images/main/pfjisclkmz3o.jpg
Dirty Dancing - Puck 1,80'S Movies,2021-09-11 16.20.21.jpg (https://v5.airtableusercontent.com/v3/u/56/56/1786384800000/Gdup-pKdH4UGRrg2UmVY5Q/JW4uFpYOQsX48jJiQDeDGPCLlGEyjAkuxCsMk0E14DWq1zarWT-nFYJ0yw86zjLFZ0qltoym6a0BhIV84AAEHqclR7SI72L_9UEsGUPKEnVpioVQq6e9o36PYxEWo9JNRqPCN6vs9iDQw8GnJX9iZGfO3XvaP9BtSY3ntjs8G6o/sWkYk4wtl2MOMdQZ-JMBAKi_CO2Xs9VonFZXSsaohcs),Found,https://www.youvebeenpucked.com/80'smovies/dirtydancing-puck1?found=DirtyDancing-Puck1,5,9/7/2021 11:04pm,,https://raw.githubusercontent.com/mkvug/YBP-Images/main/152ezts73nfa.jpg
E.T. - Puck 2,80'S Movies,2021-09-11 16.19.58.jpg (https://v5.airtableusercontent.com/v3/u/56/56/1786384800000/k_PFDg1NMAc1Gx2kA_vcUA/dCk_C3z_mlnnY0ZgmfAiNKtKxKpb_n8NeWNu86mYcOEt3V9imMqDeB-FGehHofGn2AkCNSghWnbWr8h5OUow0xehpSdEiIA30ozx8VKIQ4Uhk3WpotdvcSYklTKjCn8ls7t_uvcwfCJ2A863CGU43bwpnmi_9x9DbrHpvhS8Jys/X40xWM5fN-d-ZoTlcmUjnTtCG7vw_UMXv_BYjeIs0IA),Found,https://www.youvebeenpucked.com/80'smovies/e.t.-puck2?found=E.T.-Puck2,4,9/7/2021 11:03pm,,https://raw.githubusercontent.com/mkvug/YBP-Images/main/2y5hytir7zdf.jpg
E.T. - Puck 1,80'S Movies,2021-09-11 16.19.49.jpg (https://v5.airtableusercontent.com/v3/u/56/56/1786384800000/roiM3MaB-DUcqdmyo9RSlA/ijPS0khdzpXH2B7LSJ5gSWlKbCraE32LZiONzOceeQIPTLMV7TTD-_m4u7VPKnFFa9uQyHkk27Df1wHlyvNTPuKTlPnlY2mLM5v1FIVlMQctDf9AOKKykvr_CXT_5dGR9lO2w9_jsQG4Ob3oQN5TNbHgvKOVduIyUszUv4otpsY/GyQYApAPUkspa8zeYqEZZUqU4lrEGNhONwdZj4g5s8s),Found,https://www.youvebeenpucked.com/80'smovies/e.t.-puck1?found=E.T.-Puck1,3,9/7/2021 11:02pm,,https://raw.githubusercontent.com/mkvug/YBP-Images/main/x1dq4gdgv256.jpg
The Goonies - Puck 2,80'S Movies,2021-09-11 16.19.27.jpg (https://v5.airtableusercontent.com/v3/u/56/56/1786384800000/vgfvOadqb7kfMTTydH2XAQ/GL9xQm9d2guJoBVjDW334Zjtht8N8Lkn-2_QQ_TqV1M6WQREq7z03qtc0kvgVcB5PdU6CwyafKF-b4VoeDX7cpVyW9BZ3L4ARVhkJUn17wrMPOmFbE_XFj4BL2k_mXROBBbCCEua8V1vrBCmmf5NNbms-KLUNnjrdXlAtVbBE28/DycHJcgx600_Al2v7Lwg_ovyCz91afUenOx4IxBWCVI),Found,https://www.youvebeenpucked.com/80'smovies/thegoonies-puck2?found=TheGoonies-Puck2,2,9/7/2021 11:01pm,,https://raw.githubusercontent.com/mkvug/YBP-Images/main/hpejwppfav82.jpg
The Goonies - Puck 1,80'S Movies,2021-09-11 16.19.03.jpg (https://v5.airtableusercontent.com/v3/u/56/56/1786384800000/MqA31ppF19f1gn2hYafyjw/a6bpHuxBsiw63bWE3K4NvKS4TJ-ztD-A0LN44mNXPZr2j6cD9FpKe8qj0IUorq7tIiq4EcaTCLzEl0TVtSxKgIN4b3UT5wkY6sVxRqk1IHC8x0HrWoBca-nDPtCXVOf1Bb1s4y6_CGlYEWY4y2o7Rig5XzTsvbLZqJnHi14w5JY/u2Qk2a7ZKvMpPNgOLYiHXQt4ItfxJJaasISiZIS96XQ),Found,https://www.youvebeenpucked.com/80'smovies/thegoonies-puck1?found=TheGoonies-Puck1,1,9/7/2021 10:54pm,,https://raw.githubusercontent.com/mkvug/YBP-Images/main/wtcc1p28sjcy.jpg
Equality Love Pride,Pride 2021,"2021-05-27 17.24.54.jpg (https://v5.airtableusercontent.com/v3/u/56/56/1786384800000/MpWArhOk97rRTaaWAMvVpw/NzAiRrFjLC0Ckl-tF61fYdO1MZFx03TkeMSeQWrZFOw6oUQlABDJOqmyptlSE02PDCKab53-3Xotdi-NoM1KSfTeFZBs-_t816aoVIowJ5pQVvDG7sC12-C0kP6PnHt9sFdFpUcuQWX3o97T6bNvS7Gy9xi3cIGcgSkDSxkyUBQ/Kn5LnSYVtD8UjVIOpu8GZ-X0YilMywv6a5bcJuD6siE),6_EqualityLovePride.png (https://v5.airtableusercontent.com/v3/u/56/56/1786384800000/w3yNKmfa34MgL4ON38bcPg/eHOooAiXImIlVS6YKgca5wo7DCLINdVelG_uJxPIVVAMTM6tRpC_m1j1lFaxsqvvPmfQamuXkI7asvYDcSK_I-YjMEqqcaLTHLlx1ReSnZg5aftb0WphBO5ku4P9_Pq7Jw9zPwLmHnfnCI98c5PCua9xaBDmGrR6Wi_YfZbTte4/CuTY5jGU0iG7_cF9aXQzgAHJy6rHQeaSIIz2aRZhp68),2021-05-27 17.24.40.jpg (https://v5.airtableusercontent.com/v3/u/56/56/1786384800000/OQ5dNIRp6mVzPtprlHnpzg/Q38jQLayWBZwfbtJ5OGRWSpQV3EQTSGPFOedITMWZax19eUgE9rJZzmylCbTezQjW2-60p1bsH5ChYqe7ziMHTX5EohORrAToJqYBd9iZUsdzTJYi3_TiMsF6uQlQUXSOKpQa0feam-d4QtvuGA1603Sy1o1rHr2inNONQKkAWg/JZr3ArbbWPAxjlQX29EBG3nGkUnFSjxf5y35wVffmGk)",Found,https://www.youvebeenpucked.com/pride2021/equalitylovepride?found=EqualityLovePride,6,5/23/2021 3:42pm,,https://raw.githubusercontent.com/mkvug/YBP-Images/main/hxyrcashsaar.jpg
I Support Equal Rights,Pride 2021,"2021-05-27 17.24.39.jpg (https://v5.airtableusercontent.com/v3/u/56/56/1786384800000/sQsmvxAY-qL8sQjq5NmoFg/LVEegZKnbjME6hhquBRAsHyobomC79-ZzmUrcK0bl6Toqwu89Dn8m7sluwVZGF-Xi419yfQhWV1Im6Y4c2hQ9QsX2N8LqcCVP5U-ed5d_YCwhod0bVdHdby-e9hNnphH1_28nLjUgKWbV2gu39gr01M15_qGNyL9SKgFeu9bZEs/wWgCe89JRdTtP7zKatzWPeIg7tK9bEP0r1Ze_8C4daM),5_ISupportEqualRights.png (https://v5.airtableusercontent.com/v3/u/56/56/1786384800000/Dpit_AxjuajIntAqg7N_6g/7tZ9LBT5D9Gl5NnmVGNmh3LV2kbIlS53Mtg5ROiK9v3wyZ_hqxeidnRJfIk8JYzq30ZXwqWBTRYOVZ3FEDVgrw_JYD2h9NJrlPIReshh_l3QXwA8_pS8UdiwFnNyvL5gS72U2SKY5bNaexFJs9Jbo9vWBArMmcfOC-H9vLk3Cz4/iOdCEYwcO2U8d7X8zIKVqq6nzp8azzVKcyEd_Z86zto)",Found,https://www.youvebeenpucked.com/pride2021/isupportequalrights?found=ISupportEqualRights,5,5/23/2021 3:38pm,,https://raw.githubusercontent.com/mkvug/YBP-Images/main/9uwjo0s2c326.jpg
Love Is Love,Pride 2021,"2021-05-27 17.22.54.jpg (https://v5.airtableusercontent.com/v3/u/56/56/1786384800000/_encC2zFyjYxPOqTgpGsMA/foeIAdthtSrUX0t7fbL3Ek5RHzosePso8PDiQtDbL2Jvq4Nu0ejJtt5nhGH5IIVmAvaOUm4zLQBC2_5MIIucYHtyt01E7O8XbbKiB7QfjR9lyoeUozxtDJLoHvQx0ZA0_nCG68tLPoB__XIdm_P-GtFxWkQDF2BmGpwzNk8nky0/6iGkovlKebHy2-sIlOpzmtmZ6jRFAyo5QaDFJobQ908),4_LoveIsLove.png (https://v5.airtableusercontent.com/v3/u/56/56/1786384800000/MmQBm7mM9wZN-vspW4piDQ/YEAkGa8fmJIUAho6fNbpRFSj4X3Ah8yjPcmqtpq0jgmt2huCPFmbrWdJtBAuRlTJHAkVGZXgePZnqvlWh3Ir_1CkYYTKD8vCDhGyYSiTgcdTzfw3WFVpEOVkDZJKr1u3HOqSV8ndGi_zVEuGRIFzOw/GXQVvzrTKayJCDruVTDufSgW8OnAspRWTYDg4LAb8_U)",Found,https://www.youvebeenpucked.com/pride2021/loveislove?found=LoveIsLove,4,5/23/2021 3:36pm,,https://raw.githubusercontent.com/mkvug/YBP-Images/main/sj1r5dso93j1.jpg
Proud Ally,Pride 2021,"2021-05-27 17.22.24.jpg (https://v5.airtableusercontent.com/v3/u/56/56/1786384800000/XA4yJ1BPqctejK83rZIdgw/LpirF5QVkeUEoPscUKLQvO_zfSEqnqyGB9O4f-ffCx2nvx2Rb4yHzHgDqL_voAYpGoBfpcw6xdhAAgvHBXVRYp5Gneq7rO5cYpDHyj24YPyhVj9nfkvp20nYot7u_0-8ttOBjC56q7aXglem1QHC7sSUIsggaCyRV0bo398f6Xo/VHeSO6yed3_5AL-Sj3uaCcDvFF5Y7NSwxyVNf3oM1ZI),3_ProudAlly.png (https://v5.airtableusercontent.com/v3/u/56/56/1786384800000/gVHSfYHXxmfvZnUiIeOLJg/WX1zhevHfCj3CFYHI4C64bpPe9faPegrlpGQnrUfm8LtdWadmE8bLb5oskrsl_CDneJOBX8E9CA50P7GNzJk4q6WaDnZidvQeQvEFlFNepAMDQet3oWxIyCYBTL8IruAbJUfEItqcjNqyyNQCQVcaw/Cd1EvIDpZqVfwXdqy5DCVPWSJMjJeIpGoqOx82m-cBM)",Found,https://www.youvebeenpucked.com/pride2021/proudally?found=ProudAlly,3,5/23/2021 3:34pm,,https://raw.githubusercontent.com/mkvug/YBP-Images/main/ct4e1fggb8ps.jpg
Love Wins,Pride 2021,"2021-05-27 17.21.47.jpg (https://v5.airtableusercontent.com/v3/u/56/56/1786384800000/aBppCHhZeU2uWtbGDT0xnQ/w4RLoBn0IyQEK6igPVmvKwdKlbqeRTxJqFvxabpH8KDayLf8TwTD1kDzqegiQ2-PGpf8Seof-sukDSnqng91S2d7i2rL6ZAWkOjpvckuWIw2G2pzwMD2B5QCB_zItqsp5Bg0xk3107lu01WlzVyYMfsIpzNgjbXlD3sgp2bo8b0/zqHWbzxL6I6ESaFjfLIVVvYckvW1wilcCgYEzxwXcdE),2_LoveWins.png (https://v5.airtableusercontent.com/v3/u/56/56/1786384800000/KdUKy2-gQ0E0tQzWRXU5HQ/SmvySTlyB1LDDyIsv3vrXh1FW7Y-yhBPPLjXXCRo_EvWmVeSsqyVaLyM_drPI3bZlwCEGiUyij_YFudw3rt28dG0VC-lNB7T2VJUARMKg9ZzsbB3RVpHa6_kTbO84AgSEMtSm780rBXRqpnnj0xZ6w/bPDA7Dem5piW8K4NGbAG6HY8K1O-7UHVnXunioioV4I)",Found,https://www.youvebeenpucked.com/pride2021/lovewins?found=LoveWins,2,5/23/2021 3:30pm,,https://raw.githubusercontent.com/mkvug/YBP-Images/main/d77asafweo8s.jpg
Pride,Pride 2021,"2021-05-27 17.19.10.jpg (https://v5.airtableusercontent.com/v3/u/56/56/1786384800000/yeJ_Iy-gvc1Ba11UHn-rMQ/xcEfiTZpn9Apa-zIEVCw3mokjiflPehU8ED8bRDat5MzRAsWyoQJOT0a7qCEpiYXeRB3eEFX1mwZH2BE6fw0pKBRat2sQQfQKTowTwCTOyxTbSWnF8gusCepjR1YdzL0-tZtKHJGJaEVOG4syPOA_KJxMNbfTXUn1RNYAvIEBC8/NK_TmLqhhyrEg7eEOHw-ojvsraX9hrDFngxIYWAFQy0),1_Pride.png (https://v5.airtableusercontent.com/v3/u/56/56/1786384800000/jYjCrJRKMvGUj_iLbQlWxw/ZZTPAcTY0vffrl054oSeVu7hmYt5wi178K6r-p8onVx0HCDVAX69ev9-C9mzj916AxYh4GlUpeWo5OzMNnG7tm9aS_EhHjaH20SXFy1bd8bt5E7ezyZgXOBKy3UyMlyOQ6Odp7ReoFZmBalxFUimXg/k4DsXxOgajiwAZGp52TLST-J1Up1rKm4689caf7eGPI)",Found,https://www.youvebeenpucked.com/pride2021/pride?found=Pride,1,5/23/2021 3:26pm,,https://raw.githubusercontent.com/mkvug/YBP-Images/main/su1cnane2z9c.jpg
Happy Easter,Easter 2021,2021-03-29 11.17.58.jpg (https://v5.airtableusercontent.com/v3/u/56/56/1786384800000/DGtkSwxQ-iwihwYHxeo9QQ/hBZ1FaimbnNnvzZXc6AYvzy4O5v79qb-taStl_zsRWSFhmC7f7ntPWMKpXupS0_u9FquqZxOyVGjTaVVJZojwHJZmxvHR1e3xZFshVZwl-ldYjKDTvzAaDZgaCIhy0gqCTBzXgMbGEnv35XLPDrfhFYVXfzlkZ_029RdBSIqp_4/piBAxUehYbI9p73a1oHlOnboEIV1DxmR0jtcDB-xwIo),Found,https://www.youvebeenpucked.com/easter2021/happyeaster?found=HappyEaster,6,3/27/2021 1:51pm,,https://raw.githubusercontent.com/mkvug/YBP-Images/main/vo0qqsarfj9z.jpg
Bunny Kisses,Easter 2021,2021-03-29 11.17.48.jpg (https://v5.airtableusercontent.com/v3/u/56/56/1786384800000/3hBvyO_YzgsNtaIqQhPzMw/9Dxa4r-0QscxpXI3wU7DOtevevMiEom6nnXn-vaK5De6aJ_Bf4nUI2Kp2dIETKl5cq6xbdHszNHesEV0XpyJ2F-k3JRhUOCe6aAAF4I6hXSDlY5nZIUwodvbDfe8o_csaSsWboDiTqWRFr6rDTaErLqr5z9l4ai_CdFUa50rTrc/JvdGO5krnHpL66dRWqGpWTCOYUbAhI2EGxjIjiOCT-0),Found,https://www.youvebeenpucked.com/easter2021/bunnykisses?found=BunnyKisses,5,3/27/2021 1:49pm,,https://raw.githubusercontent.com/mkvug/YBP-Images/main/ix0bu2x850a7.jpg
Bunny Peep,Easter 2021,2021-03-29 11.17.37.jpg (https://v5.airtableusercontent.com/v3/u/56/56/1786384800000/_jssvkJL52u1Hp4VrS4bjw/ZRWoelL2VQLlQa-WDSBTRRmPyMZPlMqsCcgHTJMlJuqORdC-rqSBCzl12UuobisR69nAmcWHsLL4lFbEIto2e6ASaAV2P0F7l3bjJsrUpKWOHVTvOP318Uo4qDq_YW3p4-r-at8rYwio58Up81g7Zs7Kz2YX8QAHuMLdoWqff_k/RNzAmxgDK4GUhTUfc9zeTq4u7a0bWDZBEdxHfvj6-MU),Found,https://www.youvebeenpucked.com/easter2021/bunnypeep?found=BunnyPeep,4,3/27/2021 1:39pm,,https://raw.githubusercontent.com/mkvug/YBP-Images/main/c3clqdfyawav.jpg
Eggcited,Easter 2021,2021-03-29 11.17.31.jpg (https://v5.airtableusercontent.com/v3/u/56/56/1786384800000/mYhWqA__elkGbHhklZ-_FQ/2Hm_CByYSIxrlZBGQXJ6GQ_sHES5WDntVyBh9tM9Gm0i8Lnu2VFjXvQQXt8nVpYboyOFdmz5facOtN8uOElmjMYiMgDqw-17P3PxEXD7Z86B2yA-AWUK6KqmMCThBCOsgmoADEaKmFwEqCfIuan_EeIXIMkd3CxNhnMMnzQA08Y/fgpV40dteujONabby3pRU6YClvJMwX_4Ja3eDawOIbg),Found,https://www.youvebeenpucked.com/easter2021/eggcited?found=Eggcited,3,3/27/2021 1:38pm,,https://raw.githubusercontent.com/mkvug/YBP-Images/main/9837cxws1vrl.jpg
Hoppy Easter,Easter 2021,2021-03-29 11.17.23.jpg (https://v5.airtableusercontent.com/v3/u/56/56/1786384800000/eDFGMxM_5yMFK_1cvaYDmA/gL4o1o-3Do7HPkUxv-BExtWbmg2mwlViPdLmLwdRQfKCBN83b2urMPM7wkbZrEWNiHmdPXCi4eJj42aLvAQyhyhy74mNYT8B_7RJCt14-G1-lxXDanCCjLnb1WRbwpwRkOEi1SmosqCi1426EM73gbVVobPBgRp7eY3LZegwK0M/bxfEc1aVkiGJVjVNxGqc-DFeuLPVb-TpTawfhDXiw0Q),Found,https://www.youvebeenpucked.com/easter2021/hoppyeaster?found=HoppyEaster,2,3/27/2021 1:36pm,,https://raw.githubusercontent.com/mkvug/YBP-Images/main/wehv1vy5bq6m.jpg
Chick Peep,Easter 2021,2021-03-29 11.17.04.jpg (https://v5.airtableusercontent.com/v3/u/56/56/1786384800000/E_DILdoE4O0MCz03Hop9zg/e7lB9xdqhZ9mLcb37mgsx3RNI4TOJ8uDLN2efcNox2nPUg1H4x09cO1LC79BsZkXhYta9vV6DiabayVoOtr4HNhGrBKqcoDRKDgNuqxNWyj0jAF3NlPzDmIntjkCo29b2_d3HPDqCFOFFrpBmXHyUsmqBg7KByFQuAVVbWRSnSk/esoZeusYCuntSRprpCaOvsHzTIBX5Nbqk9UTqBeslrE),Found,https://www.youvebeenpucked.com/easter2021/chickpeep?found=ChickPeep,1,3/27/2021 1:27pm,,https://raw.githubusercontent.com/mkvug/YBP-Images/main/xeh263wfvu41.jpg
Pot of Gold,St. Patrick's Day 2021,"2021-03-10 20.03.01.jpg (https://v5.airtableusercontent.com/v3/u/56/56/1786384800000/BNLc-o5U6WylMstv8VGdJw/n0LU8LXHyMefoC4bHxhsMacT-S8TebTxwLEgZUu_KgSiJfC7akuhxW6xj8_HfCEVf--HdG9g-5DyjdnUebpPDz1yJkCqxTrgHELABJoFqSc7uNJhv4HpT_tTf9Fsfxqjdt0XERqkPeOndKUf-tEb_ICx0J_uobKGEvf43a2T0bY/uVB5jwano5MS5aG5KWtD2JuE5VU7DHKo2gJabImrVGo),6.png (https://v5.airtableusercontent.com/v3/u/56/56/1786384800000/E5d2PBUK1xQDceM7Z3xBMw/NqH3HpM3Jgvo5YeTWq-0NW5IyqDxG4uI8ZLffBYYdGY-gsg7JxKpM8oX7Okf6sUxhUqLq0zxshhxYWp70XvEmkzFyRCFhnoMRFeykWd05ioKGKNntS2ihORLXzF131fug17FMtgO8X0QIGbdQpWhng/rDYEmhmkRX9A2Do2LXCK_gxusLK5A9hQKdqbAcgda88)",Found,https://www.youvebeenpucked.com/st.patrick'sday2021/potofgold?found=PotofGold,6,3/3/2021 10:46pm,,https://raw.githubusercontent.com/mkvug/YBP-Images/main/i02v5l5cyy8f.jpg
Pinch Me,St. Patrick's Day 2021,"2021-03-10 20.02.53.jpg (https://v5.airtableusercontent.com/v3/u/56/56/1786384800000/1lCMrGlE6HVY529a2pN_rg/90FopjyUJq1GUhZY8mltSFi2HKXUNZcc_ngWiMUeyLZNzoBAy0Bw586C0WkhFLBwLLO7TJrpVuYqok3uTqbTyVPErZs1EN_MyLuH5EyspCCapWyHHwInf4Y-4HWYalrFH3GK1UW7vW1Ct3mooL1LE1hr_wvPgcLHLNK0KjK3yGc/5B1CVxhstR3o07zSS0SDsuZbbxHf6xXjU3zLoXrTgek),5.png (https://v5.airtableusercontent.com/v3/u/56/56/1786384800000/HeEDuHvRiydh106NJt0Jkg/49GAqCPoy3VX-nP4iDE3CArgPJGA-PnHUUMmZ-pH0we2_chfLiORFeDWpWEHil4IVGZ34upk48hbxWrXWIVd0ozi0z3m8RVftt6OLMkRWhRox489cEM-plx0QLkJcVUh5T7W2pxwzuSrpGHx9NmyhA/Oh36wSLrm1NTxpFbq-Xd6gOZMjTcvQysgOKTq5YSIRo)",Found,https://www.youvebeenpucked.com/st.patrick'sday2021/pinchme?found=PinchMe,5,3/3/2021 10:45pm,,https://raw.githubusercontent.com/mkvug/YBP-Images/main/900tdlphj31t.jpg
Shamrock Blessings,St. Patrick's Day 2021,"2021-03-10 20.02.45.jpg (https://v5.airtableusercontent.com/v3/u/56/56/1786384800000/3SsMGPRmhY3SHDEsMNjgbw/VaGCKAPu3_rl0usVk1od1f1Ogj_ipB2b_u-208qZnSH0emYIaG-SrNLchi97DXUKmSCg0LvKHcj4Ij5ugtR67A6bmmnI4fElSOftFHHKgK0pQGOsIpa6g2O84j_rsGN3BG77-XEcfj_Xoth_aUR3n8w97Lzq-vtJMWbol_oktMQ/pXUZgWbwmMNkun_60pdl7mt94VBiCP8v8gXvnNM7oyc),4.png (https://v5.airtableusercontent.com/v3/u/56/56/1786384800000/klQjoqV0q7RKnss14eciYg/Nmg3te-Sew_VAdL5KbRgYp8kUVT3_Nw1n1g1uVeQsA7r-C8qiyWw6qBM2wQVqbHQfm_td6xVaKW1rSiSbmBBu5Anr1D2YFEzfBlHm4Ag7iq-5qb2ruypMPD8KItc4OkBTvnbpKAPEqJ3bPkFZz691g/1vySVAK06gUhTCT0J95AvPMnymy5Kik-U5LGwl6o2Kw)",Found,https://www.youvebeenpucked.com/st.patrick'sday2021/shamrockblessings?found=ShamrockBlessings,4,3/3/2021 10:45pm,,https://raw.githubusercontent.com/mkvug/YBP-Images/main/a3fdfzqy960j.jpg
Cutest Clover,St. Patrick's Day 2021,"2021-03-10 20.00.52.jpg (https://v5.airtableusercontent.com/v3/u/56/56/1786384800000/A0EMLmXFCEF2CDQDiD9C3w/5jAgKlNvB71m-T18nUkRRqtCSY_A_5tXk8tJlO6jgjar9CYhC1c4COEZwdnIov9QH6Txu58RR4XhRsHjGkpoOejXVt1Cv24zDPs2gY-wsvVcrxv9LYMmh15LDTfE03BFn_g28s5v6feGkUFBY8wY5tJCP0dyyg51cHEPifvJNtQ/m6H-KoSHNT1rkgUSOhjIe_spD4-CCZOBkbIg6TPY54s),3.png (https://v5.airtableusercontent.com/v3/u/56/56/1786384800000/B1OV7sfIfoIDyJMPWS0gvg/gTOt_AvuI0oSe_F97b-gvGDWdRHkEEkhcLvMtyhlpl4rA8HYGDYHXRCpE481_q9f9LsL4oxUCVg9qGMpccaFWMeZn5SUiE1m6E3oBM0kGaL-mfwtGdDyYGY3zadlHYNxddUx8xVky0ycMP8Rs-R-WA/7r59fRJKhw88BEmdgWJa2g7S0USnwjP5c--OMBHxvaQ)",Found,https://www.youvebeenpucked.com/st.patrick'sday2021/cutestclover?found=CutestClover,3,3/3/2021 10:45pm,,https://raw.githubusercontent.com/mkvug/YBP-Images/main/xkjn5kv2helv.jpg
Shenanigans,St. Patrick's Day 2021,"2021-03-10 20.02.45.jpg (https://v5.airtableusercontent.com/v3/u/56/56/1786384800000/YMrNM8RCbLp7-RTXRlLAiw/ESe4N48a95DGsL9idL3FYPgJE6JydD65VQG7_AayOfxeWr-NrR_7xY5iZxRyLWa-da9Xxrh_sbmEYr-6k2B5qbo41Qi8EjS3G3_w9wnRTeQkx-dYPbbuww_XtZKEKHSspTbIWL7p-_8YD1RWZ5G_v0XDqoxUMLya_Jc4o1PwEr4/-cMBEKWC6yTR_2DNOXNVMUjq8_Zae_yEyEvr3EgbtZQ),2.png (https://v5.airtableusercontent.com/v3/u/56/56/1786384800000/LJRz8MiUy7jusBnXrH4Ktw/-EhQSejg-rp33vYe_milkTaCWAVTIBtkU6Grsrx98tq1K0BcCj1D1vVrhh8J1dc8ipjrYpehEZAvQ4LykmbJ32rgkfQfpug0joAql-PvmiF6nMM36BM_MGeHVio467QS8UYTDhOq5ZiYt6RC7J4ZPA/pHsl8DhDnNqqZJ5zoIiEHVULYisxB4fMoSzc-50CWmg)",Found,https://www.youvebeenpucked.com/st.patrick'sday2021/shenanigans?found=Shenanigans,2,3/3/2021 10:42pm,,https://raw.githubusercontent.com/mkvug/YBP-Images/main/b6j1jyrb1sgs.jpg
May the Road Rise Up,St. Patrick's Day 2021,"2021-03-10 20.02.14.jpg (https://v5.airtableusercontent.com/v3/u/56/56/1786384800000/e2m1xlnIoVkMsZu83npvVQ/gqmhjAzVum6gJkFo-I7mX9jUqVdvng5SBfu_ZjU1zkt4l5qIDypuTo3b6bWF2SIYzfuwaqUdGzehsIaz0eW3Dse0D7CkPgM0AixO-zMklMLMv6gzWjNL8eVzAjKGRMejW5uKORXcXkvAW_XjVTrkdqwMXQonCSKHd7LQOTSo45U/r9LoRFzdohtbmxDe_-6qAso6qC1amo7uTLV4x3WXb0Y),1.png (https://v5.airtableusercontent.com/v3/u/56/56/1786384800000/Y1kKWXeYyNGtLQYyE2pOqA/GI9rRQ6RbC9VApps5dDSApQDYcTLL5by_6asv2s-42KoNt_vsaOgrVmhCAZ-AiqkmpZkmlY7kQ89bP3it33q949lP8gJGtjq0VeUNti7Oe7ejJY-qdVglDT9ZohuvlgEpKeNtpnaNtPI_p74QG_mkQ/q_kCwXWAHg9KM8NDTTB-7wfhYK5TH6RB2q5y_f8hu-g)",Found,https://www.youvebeenpucked.com/st.patrick'sday2021/maytheroadriseup?found=MaytheRoadRiseUp,1,3/3/2021 10:36pm,,https://raw.githubusercontent.com/mkvug/YBP-Images/main/fivjo9oa6j5s.jpg
Sojourner Truth,Black History Month 2021,20210205-DSC_6153.jpg (https://v5.airtableusercontent.com/v3/u/56/56/1786384800000/VTnL8QeYUt4GHOIEmbaZ1Q/Xj5oE4Ho88H6JhbRJzyoHdIQwUvR-4dTFOa7NTnizke8s1VTB0WxfP7jvhbyLJoo0FEDznEUOX21DwoEt3F5BI9cZGcRLxIUtlo8XR-8QOY3IPtimqcCtCu90DpfxmKppnf0Lp5DKM-_6lzEJl0aoByHUwdww2vGs861C8BhoDc/ZTEbVxkc1alHc_gduzW0PqCqDNbFK8yT6lEg8OWSK5Y),Found,https://www.youvebeenpucked.com/blackhistorymonth2021/sojournertruth?found=SojournerTruth,6,1/30/2021 10:12pm,,https://raw.githubusercontent.com/mkvug/YBP-Images/main/lrhov7twrjoc.jpg
MLK Dream,Black History Month 2021,20210205-DSC_6157.jpg (https://v5.airtableusercontent.com/v3/u/56/56/1786384800000/6AaJRIgwEj5c08xbt3LOWg/87fEcdNobZj576yvt-jzkm8HCwJQXtMfr4rfv0WsREvGTVKO7wVUuEauzx69bNMT6LCPRRt4viLCI0eMgmS3gVTpcROO2vLzgqeM2sOFh25pJ7ynUSRMuhYCanyGI4zhBSvOwApGv3CF6xTnGUsOYtqcEqtIZiuVpOCTtu_-ltU/taX62tHxBliNOp2AP50ASKXtcTZ04_84Fs4_AJd4ow0),Found,https://www.youvebeenpucked.com/blackhistorymonth2021/mlkdream?found=MLKDream,5,1/30/2021 10:11pm,,https://raw.githubusercontent.com/mkvug/YBP-Images/main/ictga1cd2c04.jpg
42,Black History Month 2021,20210205-DSC_6160.jpg (https://v5.airtableusercontent.com/v3/u/56/56/1786384800000/E2dj_XYTvnIrrgvp782T4Q/DcPGSrQqtXaIHhMYtRIb2YfZCJHDbOj9qswQfbnwJhHRUp-n4DgFWUVBbZr3tRBrKpqxXBJwUKAlSQL5Pbs2SNwp-3TkL-j0U0x0Q6w6XwieL-Blx3CBYgpyVsZ_gfJ4BgewMJadfnh-DouxIrdVMypavClVwqwfCAq2kA2x9z8/_WqcB9h18SLStawUrcrJO0tRszdjZDX3nxNTd8Lw_9o),Found,https://www.youvebeenpucked.com/blackhistorymonth2021/42?found=42,4,1/30/2021 10:10pm,,https://raw.githubusercontent.com/mkvug/YBP-Images/main/rlip90gmevve.jpg
Black History Month,Black History Month 2021,20210205-DSC_6151.jpg (https://v5.airtableusercontent.com/v3/u/56/56/1786384800000/TF189AoIXlxYsda7CTgcGQ/D4vpQZbsNsgEXAV4TBE8zpsxSl8cQazFiRGRwd3uoQPlWtKfn6mJwKmYCmYbhjAMrf_Swcw9eO7QMR3gfgnD2Y0JqBkYu5IkbR7r0X2fVGnfgs2rTiszCUa6l6Rtov9fYXomwjnRON85W4MB-7l57U21am9J4VHSi145FStLgZg/oPdph5YsafSg2k7x3SnlHiKRGcKaYWbzYWHLgRnIzR4),Found,https://www.youvebeenpucked.com/blackhistorymonth2021/blackhistorymonth?found=BlackHistoryMonth,3,1/30/2021 10:09pm,,https://raw.githubusercontent.com/mkvug/YBP-Images/main/sh07qpaykaeu.jpg
BLM,Black History Month 2021,20210205-DSC_6150.jpg (https://v5.airtableusercontent.com/v3/u/56/56/1786384800000/Yq8TpOUb3YCih7oR6YTuYA/aPA126dUbFpJpxYWQ8BVqlJnR8pNmqkAOiWOObO3GKkXYUQkLjSd2YEuSNCXE3_XdjJwB5B9djePNIo4s8tJmVvEXShSJueEOjY37zHG35eKro2H9XtUryXywIh-qGQAZ0WzuLP1thXFxGy-Dd9GGo9k_Gbw4d3kr3R2ogwJ_Vk/MEhKzUPFEuOG_LM4gdCIhc-P_IrKv3If5KZKp6t4TNE),Found,https://www.youvebeenpucked.com/blackhistorymonth2021/blm?found=BLM,2,1/30/2021 10:09pm,,https://raw.githubusercontent.com/mkvug/YBP-Images/main/ngamdqkf6sc4.jpg
Black History 247365,Black History Month 2021,20210205-DSC_6159.jpg (https://v5.airtableusercontent.com/v3/u/56/56/1786384800000/8_XqyMwkHHPCweq3Q3JBgQ/lX2r9TCLcCXZgsGJPKQZJugDRfdDcNIuRhe3_SPPEbwxpbNeZ2i_nL-szm5WXMGf7YUtrm0chSKUSuvxTYJgoVP68jhcaYGoJAEBlZF2lXLPeGmkoPtNoJ9pmTXZilhZpxfP4lMCs9LR3yoSYKCwUiKCNiQldJ6mr197wjUXliM/Mv2-9k2tDvwU5Z-AzsKAqR7oSXYrrtgmJv4HBPkWeyQ),Found,https://www.youvebeenpucked.com/blackhistorymonth2021/blackhistory247365?found=BlackHistory247365,1,1/30/2021 10:08pm,,https://raw.githubusercontent.com/mkvug/YBP-Images/main/31vgidzhr5yo.jpg
XOXO,Valentines Day 2021,"20210129-DSC_6142.jpg (https://v5.airtableusercontent.com/v3/u/56/56/1786384800000/GzwpEArUaDYlqq64Qv58bg/H-x9cjayfuVti6wnbItP7N598chOK_6QKCHFZnyMSCwhS953d1ZHEk2mhy7sXJPZ28wnACNpsClCdW3bs36786Sl5OU3_2xfWxadybnQWWoiuHjDahubjOw4WgJpkoq6-oHDZib7aODUDSGIkNpShhoYrWdAzDP2pvAeePjb_sI/kl5emtBQLNbj1z_tvB1OkRMQPteFbvLDDNqP3R2SsWo),QR-XOXO.png (https://v5.airtableusercontent.com/v3/u/56/56/1786384800000/oYbBQsvmcAX3Grylf9vkcQ/S_Px30XxJ4IbYhbn7oKgER_ZS77_uLfCWV0oBQfzb1G_M25kycL_t5tU0MSBteQ_sucj_TBeoEy4r-_PzWlpPO4vo-B7AkeE-11xRnk8uAUcCs6O_kFmbN4Xesj1ZAzPCeOZwFxwggSfu8VGwkE1yw/tvCNEBbZVR-y_6NmrhSD-q0ZHCh_8GR9yhCYSrLUL_0)",Found,https://www.youvebeenpucked.com/valentinesday2021/xoxo?found=XOXO,6,1/26/2021 9:00pm,,https://raw.githubusercontent.com/mkvug/YBP-Images/main/v7ctb2r4ps65.jpg
Bee Mine,Valentines Day 2021,"20210129-DSC_6144.jpg (https://v5.airtableusercontent.com/v3/u/56/56/1786384800000/ZQFd0NEPADsKk3483vzl0w/Oxf91NtnTlOaMrB5ySqR5ReKE1CQKIAPMzan2H5OEgUxnQJLfxJUtauml1yWiFClb8IvxTLraRtcNFnVpBKwho2XnZx2k71U_FUuJDnlMp3LafdRwRSwfwXm4ttGKHjztFGr_bjd4mQiA9kH5eAY67QpGwOzZaK_T1Z_uohFrzI/T9W5I4bDTm63GPOgEMvIh0wy-HYMiRj2ptizcTUDBa8),QR-BeeMine.png (https://v5.airtableusercontent.com/v3/u/56/56/1786384800000/EtqUl--jlmCCe2eiqCT1Dg/OraUYJkh2_wEM79VOAhyBKycsactr1bsfYxc8iyBDPf6NXqU_5lp1WSEYQas6HeRFfvLZwkMg_MAvbOvOL6uc-52Obqc-n9bHBLqowA32nxJaU5TO_5XjHUMmFFcymXEmgha_MdaC0eY7w_xp5m-7g/CDkR4bv-poWiT1pBsT8IEtgTRzcCEntnqGEf1m1p7OQ)",Found,https://www.youvebeenpucked.com/valentinesday2021/beemine?found=BeeMine,5,1/26/2021 8:59pm,,https://raw.githubusercontent.com/mkvug/YBP-Images/main/pwwtyfs3q4i7.jpg
Valentine Dog,Valentines Day 2021,"20210129-DSC_6148.jpg (https://v5.airtableusercontent.com/v3/u/56/56/1786384800000/PKtNuwf65PNTshMinu-hZA/K58gdEeR6HAySy8LAGT4XWL6izXTMXXFrYexhTN-nQZ0zH3neynuhyPaTP-jDdVD2BYsQo4PO3J0jfNThaIew08sWSOB3uW6ADwm6OlhwFy15ggU4OERVYAEEwVXphMo2bILmX-mz0mRD5lGi-A7mH2iK-RDkaHmeNsyg7aryy8/bezhXHQ1yhJ3x1hgu9fkGJXpxU-bpobSTUQMR_j3vjU),QR-ValentinesDog.png (https://v5.airtableusercontent.com/v3/u/56/56/1786384800000/RCpNGEZo1fmr5pfG9iUJ0w/wrreW1-LbfjNCHe-CKPZou4NPb3uySFW0yDLesqjcclJ-6e69wHHCj6LfSLDyx0fsMehDHffgaLs6RYMon5HG1auM6EeGXo3oA_V2_pwpG1HjY2pOfs4zBzPchFk8qBKPf9IiTeirD1d1AKXJErbBQ/KCm_GTfF_kw1HOo0gtFleF7ZcDJrJc-Q40MbXX-hr68)",Found,https://www.youvebeenpucked.com/valentinesday2021/valentinedog?found=ValentineDog,4,1/26/2021 8:59pm,,https://raw.githubusercontent.com/mkvug/YBP-Images/main/drg3nsqp8zps.jpg
Gold,Valentines Day 2021,"20210129-DSC_6147.jpg (https://v5.airtableusercontent.com/v3/u/56/56/1786384800000/uXcOWwM_RDqv7Wrycb6KtA/GEEvQxtjI-y_n_Y0J8L_2DcmBU_VdwT6fG5oG2UajbPLjAO0QRJD82HlTee7gvIuo2hlibrICAbByhX_MPM2LEwOVyqxP8wBq5hXru97_pof8c--f2qZzds5sFTvrJXcvpo4CL7luctVulm5lrxvluoUwaHc11FzIPJUaxEWO74/OUUfmziyvtx6OBbLJIgTczop8S5H8frj7dQBs7I60BU),QR-Gold.png (https://v5.airtableusercontent.com/v3/u/56/56/1786384800000/TYl71cEG5LykZYpOXbiGxA/3H1lr1hnlXWAGZEfZl5cNhyY8jo_b_5Qei-qO69QdC8YbvVzPwIPi8KvZbnHMy8K0o8wAqP3jDqDZ_0bPLKv46tDGSS4Qcf3xX_G8kEXxVDT_s-A9B0hdZiprHgolmzl0pesfMvt-MRO-0R7BQU8lg/JGnN_5xN69OjivvLh7ia-YENR7WRzUyv31k-NV_yAGQ)",Found,https://www.youvebeenpucked.com/valentinesday2021/gold?found=Gold,3,1/26/2021 8:58pm,,https://raw.githubusercontent.com/mkvug/YBP-Images/main/nqa49vfftnu5.jpg
Purrrfect,Valentines Day 2021,"20210129-DSC_6145.jpg (https://v5.airtableusercontent.com/v3/u/56/56/1786384800000/lAD4CKZbJcqehTszVhgGow/KtmhcTdgpszFVDWGqqVdGmzFofJOsCFX2Z7mSFykqcQanO9ERE91qCnEkoN3c97ZCVGw3bjgKZbwhSX_nw4yrj9FrISfLqIoyMxsC6_lJZFCUDPywoLx39ZZg05xTHCTw2RZfqk37mYaBoQf9SE6X_4hHWxEa8k8amPzgnJWSEI/ndyI4ZG1O5ijq-pPoGbVjsn4Q4ngOe6R4O9-wnEMsHk),QR-Purrrfect.png (https://v5.airtableusercontent.com/v3/u/56/56/1786384800000/JnYO1NA9EQ0BcJi0gocmAw/7tDsTSld_jSbzPJJ9OmkrKF2hTl88Ra8jFpqjIw9DiNOxLD8EO5xlBONL-SBZmDhn0qUr3OLtVI-3BfxXiN-nmCkszC54u3AvBb0-ZEFfMEG9o0VS212HFCex6SxT2zjsQeDnvrPKDUyVA9Ku_EkdQ/X3jevtua98bYCztIgLNIVWqeTabISusgzLUdwQywKc4)",Found,https://www.youvebeenpucked.com/valentinesday2021/purrrfect?found=Purrrfect,2,1/26/2021 8:56pm,,https://raw.githubusercontent.com/mkvug/YBP-Images/main/k6zygg6e4nse.jpg
Extraordinary Things,Valentines Day 2021,"20210129-DSC_6149.jpg (https://v5.airtableusercontent.com/v3/u/56/56/1786384800000/QdND2uCSaE-2PzzeSqafOw/q6KY8DmJNBtwuA0u2iEDo943GgUM6wIwDQkioA4pzOLANoe4SHCTb27Y7s2NM31ixUIxC3CBLCAwB0ZaezDfXjqMSAWqYKZYxJCTX6l-UQtumJGBzjIH4jMNKGmyZrgpt2BfIDL7leCAMZfR8AgIS3cYo7xyDrpcHxRj4bVrTLo/o2P1sG9nsyipLYh5WtkPfRqJNR1hjmwhDmurB2fmCkE),QR-ExtraordinaryThings.png (https://v5.airtableusercontent.com/v3/u/56/56/1786384800000/AuWS65I7YY7aa7pcYV5l7A/pNjFea05QoNdaXcZXnAXObFFn-i1M86oZjLU0uh2DcD_HKlaxUKpZ-3DRvgApfJbv090NQ8zLH4bLghdEnBx24H2f6GBG6P1fxTggG9ozX6om0Mep6n-K1fR97YxhG39mQD9aKS_jGT0ZUj_Twgm4v0oIxaDMhwE1sBc0QaED7s/4zG4z5XtqJsIhNIulXYWN6TBdNAcr_-WTQjf5WMnF9E)",Found,https://www.youvebeenpucked.com/valentinesday2021/extraordinarythings?found=ExtraordinaryThings,1,1/26/2021 8:39pm,,https://raw.githubusercontent.com/mkvug/YBP-Images/main/oafv1l7t8gkv.jpg
Merry and Bright,Holiday,"2020-12-20 23.52.07.jpg (https://v5.airtableusercontent.com/v3/u/56/56/1786384800000/59pt0qWZROdMXqSv68ZuOQ/9xamHemWDDSHyrX7g4GRCJa1RuWHw5r2fEwOsPCacu2qFFDRBAeya6hKrInCmrlklAH6RLTIUmFsSCOJI_pvpADaZG1MzatGOaBLlH-nQebL6Aw_DVS76OXb-ox9Q31h8CnKonOtyaSKqOjF2GPXzQ-whQOir3E6rWx7CRcpsmA/Lpz2ptWFma-t21UTsI22LiqJoFA4IDHGJygRz9KIBCI),MerryandBright.png (https://v5.airtableusercontent.com/v3/u/56/56/1786384800000/P1j0dudWfY-W_1hJJx9TfA/S3AGpxO1QYbyVS_22zpp_36yhlQZTnagyoK_U8f1ZMn_AP4pGYzZbLsrsz47y1UoMPlqNUZoaTFikjK_m2fzkWthCwyK2jYfZUuHa7nd-iVR86qyzfc6QhW8vTQzbqYmYPMt8N9qI6ny6ENK5cZTug/4Gh3EBgIozhQ2KIXScsbgo6aIB4SGFvFxXHykSZkvDo)",Found,https://www.youvebeenpucked.com/holiday/merryandbright?found=MerryandBright,,12/20/2020 11:51pm,,https://raw.githubusercontent.com/mkvug/YBP-Images/main/qcafk6fgolhz.jpg
Peace,Holiday,"2020-12-20 23.51.04.jpg (https://v5.airtableusercontent.com/v3/u/56/56/1786384800000/QQXpKQkxECWIThZswB3Aqg/5sLbZQd48sh6-dT5m5yuRrFTyP1kd75SQl2xQlBcxBZDw4p3fCu9xzfdj07e9HoyhBUtBAq8hfHfCbRrL5ye4XsBOnGu3o_pCJ9NqefTgkU7fgShbQ7xVAVUCXgheie0iDRCnxVPDG1SIhJKCle-WZplB77nhJacBkcuq1gtkQk/xtdQe9c3LkWyXyXczpDRdbf9f_j-W6jzciwOSTXsP1I),Peace.png (https://v5.airtableusercontent.com/v3/u/56/56/1786384800000/J_3jZckOEFQgTnBY0QNWjA/Lyz-0wolkJc8azFGbhjfAZAUPlmFLnywYit9drOzVu2ZXyJdDBtur1YfWH3RuAzxb-Zq02KjE757Ad3pOmSa7Gda0Q1TKdsK-5xiTqE_nR99APt_VDIpZ73yzYg4nH1jYzq1H6XSoDzlg1PZVY3Amw/0FP6i8YX43N41c_PFNAmuA-hmNPdMX59_b2ww7HU5Uk)",Found,https://www.youvebeenpucked.com/holiday/peace?found=Peace,,12/20/2020 11:50pm,,https://raw.githubusercontent.com/mkvug/YBP-Images/main/8wbwn5hthz35.jpg
Ho Ho Oh,Holiday,"2020-12-20 23.50.29.jpg (https://v5.airtableusercontent.com/v3/u/56/56/1786384800000/sjJ_XP5HFF1SHoCO11gO0Q/agvNVVzkoYCSqy-m3v9FByrd3B0dsCpQp1D2n0ODsyzzklj3J8tjyBsoaIrubvR2jlkRuUnnu-kj6gy8XfAR8smYgmE7E7MtCFQJP3_FnIce4r8S09PPph876JDyskQ-H3jma9biJxC_Gj7dsWmMg4bSfTnW5s-KKphRmZPBtz8/S8bpEEWpJSd8Gy5bdtYckIPFioqay2vQ5hW_ocRks88),HoHoOh.png (https://v5.airtableusercontent.com/v3/u/56/56/1786384800000/Th3lVOUdMQ6TX0y6dTQ0AQ/vnAUTaOhBMh__wWo0BzhVUE0RqRCaG3tCjPE6ROGj59-h_ZXMz5q8cnlQxUF_Ol4NtWUzekmpdkpIn3SEwIOS4o0cZkiyPh_VBBVv3R71YzpkcuE3LWjS9Prs3Uwg-HrpMbEtQu6gH3FT4tWJeOPDQ/pM303Ly8uBW5bVooct4HzH6GvkKfBt33hL1hEU94hZ4)",Found,https://www.youvebeenpucked.com/holiday/hohooh?found=HoHoOh,,12/20/2020 11:50pm,,https://raw.githubusercontent.com/mkvug/YBP-Images/main/sdbj29p9wg61.jpg
Joy,Holiday,"2020-12-20 23.50.06.jpg (https://v5.airtableusercontent.com/v3/u/56/56/1786384800000/VkjHw6vjZWOZkx8S2TneiA/xBGLOTVVnaDJlimjYwk63Cum9tta20b3tjlMsoY849zZM4JkiLcp8J9_uFmwdNwqRQNoZI3fGeX7sAFaZ6yQuWTnuQRLC9I3vwp4gFm0iGJbwzAoAx4GSzkBwFaNoHvjbGTT_vWfQRwuCu0LVjk1r-wbfKZ23xlzu7f_SSTdnU4/LDtw_r7DGdVzoEiKT7O70kl4zYVrW4qCEjY0XMVB9wg),Joy.png (https://v5.airtableusercontent.com/v3/u/56/56/1786384800000/s6qMbSJXUo3IZbKdNJH1bg/IxiSSiMkU97lfq-eCgAiMpf8jhYGvvSF-Um1hj2YAV2Bgr7pN8w_SV8_SR7c9MlegNL9nRtxrNGuW25UQZjwUu9cBMgDtX_34G8p-MtJmdgR_GSpOEnuHNCT_LfGp-NvlN_PhlvBaL7OYmgkg2B35A/wNEb5l3U-uD2ydsNjApBxpCrpi9XTOFgQAaw9Pilv80)",Found,https://www.youvebeenpucked.com/holiday/joy?found=Joy,,12/20/2020 11:49pm,,https://raw.githubusercontent.com/mkvug/YBP-Images/main/orpq2ghbgzi9.jpg
Fa La La La La,Holiday,"2020-12-20 23.49.21.jpg (https://v5.airtableusercontent.com/v3/u/56/56/1786384800000/gpqCXlUyatGi8zsBsq4Aeg/FqvfaSWuGVmyfVbZQXM8oozdo9yrrfaFuvoMDMuNJ9Xg7rczOwO0Vll-wS525CoeV3-BJ44J-xiQRof2q-TOFyqmDjUypfo94rx1TCSkgcVRS1WJLoPCUyVIsBaochvVbFYxYmtEAY70NdcBKuCRBgTKnIvvWZ1_yld2qYfoa8I/iYFy_dTbhqbZfnOI8yLtT6sXjM0sjRsNNd3MH462SMk),FaLaLaLaLa.png (https://v5.airtableusercontent.com/v3/u/56/56/1786384800000/N7s_N-GToyNHOPxcppzbNw/temBlgVIsjB1cYlI_1vna81yssAaslxPSryxHyQue6km2t5m6bedcNMUvNNL8sSbZm6fT5VbCnc4V9TwRIhGqvJZaJzhdz233qyE7ROli5rwVQ2pTTrdwgI5CtJE5tYZiEWj867jmG47mIFk1UU6Ug/ievRm1Ujk407EN460HnYx1FnR_eA8zAeUCU2IQDHg_A)",Found,https://www.youvebeenpucked.com/holiday/falalalala?found=FaLaLaLaLa,,12/20/2020 11:49pm,,https://raw.githubusercontent.com/mkvug/YBP-Images/main/79vtxl78k0p0.jpg
Joyeux Noel,Holiday,"IMG_2963.jpg (https://v5.airtableusercontent.com/v3/u/56/56/1786384800000/fTfoEoJQh8WQOHDUtIU3ug/v-vJANm1AC1mPjPZ-pZU2GLrEhc2k2VM5rxq2PfLVSnDGm-0lFR9jMuQWguf_R638KcYLidJprmL1gufp0OVN6w-dO0H08z1HlmSpqt2tGRY9KHaOhjr9s_Lo9I5lk7KBgLwQVHDyL6h7xwl_DNcBQ/EgQ6W3px28DaD0U6k9Ea-Xm2kwsMbmjGwmMl6yM3rJY),JoyeuxNoel.png (https://v5.airtableusercontent.com/v3/u/56/56/1786384800000/Dw8SnktJ7YDvEHZ5SlFC8g/wGUdUCHXDTQhbd-tsxSQt-6s__EKW3tLYbAiHskfYg_khYFveo4liNAfj-lxEjbRNalvJxjy8llYWNGZ8Kb9i5F2-roXR1f708jxB0b0tyODg1hKTx5x0E_5_wzEo00h60Ptz3QvPbVY-QnPlsAzhA/QnMuxgowLsVQ5jxexDXw1os3XsPDnGUcyCcvMoEp5vM)",Found,https://www.youvebeenpucked.com/holiday/joyeuxnoel?found=JoyeuxNoel,,12/4/2020 4:01pm,,https://raw.githubusercontent.com/mkvug/YBP-Images/main/jcorzu3s2ium.jpg
Feliz Navidad,Holiday,"IMG_2962.jpg (https://v5.airtableusercontent.com/v3/u/56/56/1786384800000/c9-DYibXEPZl5TtQc7h9xg/Xy5nDJvg_MdinTtHfMt2FrpQO-ILw6YNNKKJz-eS1VTzFisewxnSNz0CFzOUIXlzbUslh9r4henvCeayDXrhIAkmbaXvR44Fsf0YXfGLQeJdovalHvKMh54yZf06jyBDHK4k4rJvPE1Wg3ti9mi-qg/klDErQ7NW8emiG_-aXPPPOU2U0QlokWkuB3gACplSU8),FelizNavidad.png (https://v5.airtableusercontent.com/v3/u/56/56/1786384800000/ykNLXq5Y_EabaXlKv5RDBA/epQ3a7iSVicUH5Sna8VZefp8lrqFWKqo4zlhKBY0AGghgAdP_izia9VD4pVR0ZiPAR2yJRMv9rqDphdpVJ-5bx62-l9ajjMFOMyC57DYjg1lxgadNDe9XBXd8nRV7jnM0mwaT8DQvfG8Ym6yBrXmDg/2yjGl9Kek1IWYik-DJqDLjLIboe5-YtJ6CjwdbxpLaQ)",Found,https://www.youvebeenpucked.com/holiday/feliznavidad?found=FelizNavidad,,12/4/2020 3:59pm,,https://raw.githubusercontent.com/mkvug/YBP-Images/main/qnobpkwpncgk.jpg
Merry Christmas Red,Holiday,"IMG_2959.jpg (https://v5.airtableusercontent.com/v3/u/56/56/1786384800000/kEouMhguULp_D8OOs_G4xQ/WJP8XxKIVu9-zveN9Tzt_KIdcKzBlG3pjWOOCsW9wcP5aCvCvYm6UUQx1ZyNLxEVwtJnF-_0MrGmCkfS5noihyMJkQ3a2TkGm7arQ-b6oYjTIVqJjaLGQ7ENDa_GNStVsYkb98gkw2vPJRdOcPR_3Q/zSmf-QWN0JvO9d10-l_jev2Z0-A6TcYhs0_wOAWqZfU),MerryChristmasRed.png (https://v5.airtableusercontent.com/v3/u/56/56/1786384800000/3ihuCLx_jhPfCYcnqdwoYA/8JzzseCzWw3oUp1DF5rqp-6dkBIlSoNAFYlg_HttfBkgD2M_IDmNt2abXi1OfBPVPvU63v6gAV_m5UjbsMYEODvrOeQ5X6XV7k7EzZSIZtd_U4pwlP8Y7u8v8pfiFKuO_xiXsP_IsSb_53uUJRGiitW8sK73NY3sqy0_cz4gQjg/BTG4uc0tKLQPcwhGLAELEPby8qK9iLn9SPuF_NGmZ2g)",Found,https://www.youvebeenpucked.com/holiday/merrychristmasred?found=MerryChristmasRed,,12/4/2020 3:56pm,,https://raw.githubusercontent.com/mkvug/YBP-Images/main/9ggv53vs8mjf.jpg
Merry Christmas,Holiday,"2020-11-30 18.28.56.jpg (https://v5.airtableusercontent.com/v3/u/56/56/1786384800000/n8jJks_8mJ9GCsGPpFno2A/EmnezuQn-W-F_-oCzyd7jdiaQvoztXr2IPmEdCKAZ7GqpC85A94BTy2NKB0bYBFiSaLZ_QY_mh0o1DQDrLneQVvAQ90XGsKdBfz5d2EMFpZHTY_9Mc_arr2g03r13DwYj_wIED3niIB9oe_nUZ1emA7MJef6UBaupu30CUkD9tA/r5jE8AHghiH8qD4JS5tS8NYqO9_G9MYBuqMoIuEPQeY),MerryChristmasQR.png (https://v5.airtableusercontent.com/v3/u/56/56/1786384800000/roJaTxpCxDc-PXGb-W3lmg/NThV9bSH0EcWQXYZJw35zBEHJF1j1HiLWRNTUPmK99hl0_bedoQ97mP2qcVuDYm4_GdF1mTobLCmC4eoYCh5zkOX4FELlHhfVRCwWuv-ZgZ27zdmUv2WwDNy0I2PvBhZh4oO1pnODZSaRQnMrtpgqQ/PvRwbIQ7IDxBUOJ8sSeSaMB17hZMStGE_QF5BUOxjpw)",Found,https://www.youvebeenpucked.com/holiday/merrychristmas?found=MerryChristmas,1,11/29/2020 1:06am,,https://raw.githubusercontent.com/mkvug/YBP-Images/main/cqebcgsqfvw6.jpg